MatvareID;Matvare;Vann;Kilojoule;Fett;Kolesterol;Karbohydrat;Kostfiber;Protein;Vitamin A;Vitamin D;Vitamin E;Vitamin C
;;g;kJ;g;mg;g;g;g;RAE;Êg;alfa-TE;mg
01.001;Helmelk, 3,5 % fett;88;264;3.5;9;4.6;0;3.3;34;0;0.1;0
01.002;Lettmelk, 1,2 % fett;90;180;1.2;3;4.7;0;3.3;12;0;0;0
01.003;Skummet melk;91;141;0.1;0;4.8;0;3.3;1;0;0;0
01.008;Sjokolademelk;85;252;1.4;4;8.4;0;3.4;14;0;0;0
01.011;Yoghurt, naturell;86;313;4;11;5.6;0;4.1;38;0;0.1;0
01.013;Geitmelk, langtidsholdbar;88;250;3.3;5;4.6;0;2.9;30;0;0;0
01.015;Kremflõte, 38 % fett;57;1491;38;102;2.9;0;2.1;510;0.2;0.9;0
01.018;Iskrem, flõtebasert;64;812;10;33;23;0;3;122;0.1;0.2;0
01.020;Sjokoladepudding, Piano;77;447;3.5;14;15.5;0;3.2;24;0;0.1;0
01.023;Vaniljesaus, Piano;73;624;8.5;35;15.5;0;2.7;58;0;0.2;0
01.025;Camembert, ost;49;1344;27.4;73;0;0;19.4;281;0.1;0.6;0
01.027;Cheddar, ost;37;1637;32.3;87;0.3;0;25.7;335;0.2;0.7;0
01.028;Cottage Cheese, ost;81;401;4.3;12;1.5;0;12.7;51;0;0.1;0
01.030;Edamer, ost;41;1458;27;72;0;0;27;283;0.1;0.5;0
01.032;Gamalost;43;885;0.3;3;1.7;0;49.7;11;0;0.1;0
01.035;Jarlsberg, ost;41;1525;29;75;0;0;26.6;264;0.1;0.5;0
01.037;Normanna, ost;46;1401;28.4;76;0;0;20.6;294;0.1;0.5;0
01.038;GrÑddost;38;1675;36.5;98;0;0;19.1;288;0.2;0.7;0
01.039;Hvitost, type Norvegia;41;1471;27.3;73;0.1;0;27;283;0.1;0.5;0
01.040;Hvitost, lettere, type Norvegia;47;1126;16;43;0.1;0;31.3;151;0.1;0.3;0
01.042;Norzola, ost;43;1644;36.7;98;0;0;16.8;367;0.2;0.6;0
01.043;Nõkkelost;41;1460;27.1;73;0;0;26.9;283;0.1;0.5;0
01.046;Port Salut, ost;46;1329;24.7;66;0;0;24.4;251;0.1;0.4;0
01.047;Pultost, mager;55;666;1;3;0;0;37;11;0;0.1;0
01.048;Ridderost;38;1749;38;102;0;0;20.2;227;0.2;0.7;0
01.050;Sveitserost;39;1536;28.5;76;0;0;28.3;190;0.1;0.5;0
01.052;Geitost, brunost;19;1854;27.6;74;37;0;12;317;0.1;0.6;0
01.053;Flõtemysost, brunost;19;1878;28;75;37.5;0;12;297;0.1;0.6;0
01.054;Flõtemysost, brunost, lettere;27;1590;16.6;44;46.4;0;11;178;0.1;0.4;0
01.055;Gudbrandsdalsost, brunost;19;1900;29.4;79;37.4;0;10.4;311;0.2;0.6;0
01.058;Gomme, Namdal;40;1175;12;32;32;0;11;131;0.1;0.2;0
01.059;Prim;31;1295;8.9;24;50.4;0;6.4;95;0;0.1;0
01.060;Prim, mager;33;1169;4.2;11;53.1;0;6.5;45;0;0;0
01.062;Cräme ChÇrie mykost;50;1379;30.8;83;0;0;14.1;161;0.2;0.6;0
01.063;Baconost, smõrbar;62;867;16.9;45;0;0;14.2;180;0.1;0.3;0
01.064;Magerost, smõrbar, 7 %;71;547;6.5;17;0;0;18;53;0;0.2;0
01.066;Mozzarella, ost;45;1320;22.9;61;0.7;0;27.1;197;0.1;0.4;0
01.071;Jarlsberg, lettere;47;1117;16;43;0;0;30.9;106;0.1;0.3;0
01.072;Gudbrandsdalsost, brunost, lettere;27;1590;16.6;44;46.3;0;11.1;173;0.1;0.4;0
01.074;Yoghurt, drikke, frukt;81;330;1.3;4;12.8;0;3.8;14;0;0;0
01.078;Karamellpudding, Piano;73;549;6.2;36;16;0;2.8;59;0.1;0.2;0
01.079;Milkshake, sjokoladesmak;82;328;1.5;4;12;0;4;12;0;0;0
01.081;Iskrem, lettis, med mindre sukker og fett;72;459;5.7;12;10.3;0;4.3;31;0;0.8;0
01.082;Cultura, syrnet melk, naturell, õkologisk;90;183;1.4;4;4.4;0;3.3;14;0;0;0
01.083;Kulturmelk, syrnet melk;88;254;3.5;9;4;0;3.3;34;0;0.1;0
01.084;Kefir, syrnet õkologisk melk;88;254;3.5;9;4;0;3.3;34;0;0.1;0
01.085;Kulturmelk, skummet;92;139;0.4;1;4.1;0;3.2;1;0;0;0
01.086;Seterrõmme, 35 % fett;61;1382;35;94;2.9;0;2.2;471;0.2;0.8;0
01.087;Lettrõmme, 20 % fett;74;829;19.6;53;3.4;0;2.7;279;0.1;0.5;0
01.088;Rõmmekolle, ekstra lett, 10 % fett;80;486;10;27;3.9;0;2.9;99;0;0.2;0
01.089;Cräme Fraåche, 35 % fett;60;1382;35;94;2.9;0;2.2;471;0.2;0.8;0
01.090;Yoghurt, frukt, lett, 0,5 % fett;82;296;0.6;3;12.4;0;3.7;9;0;0;0
01.094;Yoghurt, frukt, med mÅsli;69;586;3.9;13;21.1;1.2;4.3;30;0;0.1;0
01.096;Yoghurt, frukt;78;408;3.4;9;13;0;3.6;29;0;0.1;0
01.099;Cultura, syrnet melk, përe;84;303;1.4;4;11.8;0;3;13;0;0;0
01.104;Milkshake, jordbërsmak;83;305;1.4;4;11;0;3.9;12;0;0;0
01.107;Yoghurt, frukt, Litago;79;402;3.8;10;11.8;0;3.6;38;0;0.1;10
01.108;Kaffeflõte, 10 % fett;82;492;10;27;4.2;0;3;118;0;0.2;0
01.109;Kaffemelk, 3,9 % fett;86;277;3.9;10;4.6;0;3.2;38;0;0.1;0
01.111;Vaniljekrem, Piano;73;627;8.8;36;15;0;2.7;60;0;0.2;0
01.112;Romkrem, Piano;72;639;9.1;37;15.1;0;2.7;55;0;0.2;0
01.115;Norbo, ost;42;1480;28.5;76;0;0;25;294;0.1;0.5;0
01.117;Snõfrisk, smõrbar geitost;64;1039;24.3;57;2.2;0;6;175;0.2;0.2;0
01.118;Lettmelk, laktoseredusert, 1,5 % fett;90;195;1.5;4;4.8;0;3.4;14;0.4;0;0
01.119;Lettmelk, langtidsholdbar, 1,5 % fett;90;193;1.5;4;4.8;0;3.3;14;0;0;0
01.120;Cultura, syrnet melk, jordbër, D-vitamin;84;292;1.4;4;11.1;0;3;12;0.4;0;0
01.127;Melk med smak, Litago;85;256;1.4;4;8.8;0;3.2;21;0;0;0
01.131;Mandelpudding, Piano;77;443;3.3;14;16;0;2.9;23;0;0.1;0
01.136;Brie, ost;46;1472;31.7;85;0;0;17.6;346;0.2;0.6;0
01.138;Mozzarella, ost, lettere;48;1116;16;43;0.5;0;30.3;137;0.1;0.3;0
01.142;Nõkkelost, lettere;45;1161;17.1;46;0;0;31.1;161;0.1;0.3;0
01.144;Royal Blue, ost;38;1883;44.5;119;0;0;13.9;462;0.2;0.8;0
01.146;St. Paulin, ost;42;1478;28;93;0;0;26;294;0;0.5;0
01.150;Kremost, naturell;60;1224;29;78;2.7;0;6.2;253;0.1;0.5;0
01.161;Taffelost, bacon;46;1304;24.5;66;0.1;0;23.3;158;0.1;0.4;0
01.170;Biola, syrnet melk, naturell;90;190;1.5;4;4.5;0;3.4;16;0;0;0
01.171;Biola, syrnet melk, blÜbër, mager;85;235;0.2;0;10.4;0;3;3;0;0;1
01.172;Yoghurt, naturell, Biola;83;332;2.9;12;8.9;0;4.3;30;0;0.1;0
01.173;Yoghurt, bër, Biola;80;350;1.6;4;13.3;0;3.8;27;0;0.1;0
01.174;Yoghurt, frukt, lett, 0,1 % fett, Yoplait;85;221;0.1;0;8.9;0;3.9;2;0;0;1
01.175;Matflõte, 20 % fett;71;852;20;54;3.9;0;2.7;235;0.1;0.6;0
01.176;Flõteerstatning, Coffeemate pulver;3;2298;34.5;2;57.3;0;2.8;17;0;0;0
01.177;Flõteerstatning, kaffehvitt;85;442;10.2;0;2.9;0;0.9;0;0;0;0
01.178;Flõteerstatning, husholdningshvitt;88;368;8.2;0;2.9;0;0.9;0;0;0;0
01.179;Flõteerstatning, topping pÜ boks;66;1075;25;0;7.3;0;1.5;0;0;0;0
01.180;Rõmmedressing med urter;80;564;11.8;36;4.7;0;2.8;140;0.2;0.3;0
01.181;Duo, lys sjokoladeyoghurt og nõttecrisp;65;749;8.7;35;20.9;0.5;4;57;0;0.2;0
01.182;Iskrem, vegetabilsk fett, margarinis, 10 % fett;63;808;9.7;2;23.1;0;3.3;2;0;2;0
01.183;Iskrem, flõte, med sjokoladebiter;55;1010;12.6;29;28.1;0.8;3.5;105;0.1;0.3;0
01.184;Rislunsj med jordbër, Piano;70;637;6.2;19;21;0;3;68;0;0.1;0
01.185;Hvitost, uspesifisert type;42;1447;26.7;81;0;0;27;268;0;0.5;0
01.186;Brunost, uspesifisert type;20;1883;27.4;98;40.1;0;11;295;0.1;0.6;0
01.188;Feta, ost med geitmelk;57;1038;20.2;54;1.5;0;15.6;223;0.3;0.4;0
01.189;Flõteerstatning, whipping;85;428;8.3;0;6.4;0;0.7;0;0;0;0
01.190;Ystet vegetabilsk fett, ostesubstitutt;42;1516;30;10;0.9;0;23;10;0;1.9;0
01.191;Burgerost;40;1427;28;75;0.1;0;22.9;204;0.1;0.6;0
01.192;Lettmelk, 0,7 % fett, D-vitamin beriket;91;162;0.7;2;4.7;0;3.3;7;0.4;0;0
01.193;Iskrem med kjeks, syltetõy, sjokolade;53;857;9.2;26;26.9;0.6;3.2;105;0.2;0.2;3
01.194;Iskrem, yoghurtis;68;682;3.5;21;29;0;3.5;14;0;0.4;0
01.195;Rõmmegrõt;66;846;15.3;48;11.9;0.5;4.3;175;0.1;0.4;0
01.196;Kakao, med lettmelk, tilberedt;80;356;2.1;6;11.9;1;4;11;0;0;0
01.197;Sjokolademelk, av pulver og lettmelk;84;289;1.4;6;10.3;0.5;3.4;11;0;0;0
01.199;Iskrem med kjeks, sjokolade, nõtter;49;977;12.6;27;25.7;0.9;3.9;106;0.2;0.7;0
01.200;Parmesan, ost;28;1730;29.7;80;0.9;0;36.2;390;0.3;0.8;0
01.201;Camembert, ost, lettere;61;834;11;36;0.1;0;25;98;0.1;0.3;0
01.202;Magerost, smõrbar, 3 % fett;75;422;3;8;0;2.7;17;24;0;0.1;0
01.204;Magerost, smõrbar, 9 % fett;66;639;9;30;0;0;18;53;0.1;0.2;0
01.211;Iskrem, flõte, med ekstra sjokolade;33;1506;20;24;39;2;5.1;69;0;0.4;0
01.212;Kremost, urter;60;1204;28.4;76;2.7;0;6.3;253;0.1;0.5;0
02.001;Egg, rÜ;75;590;10.1;420;0.3;0;12.4;215;3.8;5.3;0
02.002;Eggehvite, rÜ;88;180;0;2;0.4;0;10.2;0;0;0;0
02.003;Eggeplomme, rÜ;55;1275;27.1;1200;0.2;0;15.8;500;12;14.7;0
02.004;Egg, stekt uten fett;73;646;10.9;431;0.3;0;14;293;1.6;5;0
02.006;Omelett, stekt i fett;73;683;13.3;340;0.2;0;11;261;1.6;4.6;0
02.007;Omelett, stekt uten fett;77;535;9;356;0.3;0;11.6;242;1.3;4.1;0
02.008;Eggerõre, stekt i fett;72;710;13.9;348;0.2;0;11.3;271;1.7;4.7;0
02.009;Eggerõre, stekt uten fett;76;548;9.2;365;0.3;0;11.9;252;1.3;4.3;0
02.010;Eggedosis;58;839;7.5;298;23.3;0;9.7;226;1.1;3.5;0
02.021;Egg, fra frittgÜende hõns, rÜ;76;587;10.2;400;0.3;0;12;230;2;4.4;0
02.022;Egg, stekt i myk margarin;71;753;14.1;411;0.3;0;13.3;322;2;5.1;0
02.023;Egg, stekt i smõr;70;779;14.7;422;0.4;0;13.4;333;2;4.9;0
02.025;Egg, stekt i uspesifisert fett;70;777;14.8;412;0.2;0;13.3;308;1.8;5.4;0
02.026;Egg, kokt;76;593;10.2;420;0.3;0;12.4;215;4;5.3;0
02.027;Egg, fra frittgÜende hõns, kokt;75;587;10.2;400;0.3;0;12;230;2;4.4;0
03.001;And, kjõtt med skinn, rÜ;50;1603;37.3;72;0;0;13.1;50;0.7;0.5;0
03.002;GÜs, kjõtt med skinn, rÜ;50;1514;33.6;80;0;0;15.9;17;0;0.5;0
03.003;Hõne, kjõtt med skinn, rÜ;60;1095;21;71;0;0;18.7;38;0.2;0.5;0
03.004;Kalkun, kjõtt med skinn, rÜ;73;560;5.2;78;0;0;21.6;7;0.4;0.5;0
03.005;Kalkun, kjõtt med skinn, ovnstekt;55;1130;18.4;104;0;0;26.4;8;0;0;0
03.006;Kylling, hel, kjõtt med skinn, rÜ;67;819;13.6;75;0;0;18.6;25;0.6;0.2;0
03.007;Kylling, hel, kjõtt med skinn, ovnstekt;59;1025;17;125;0;0;23.3;26;0;0.2;0
03.008;Rype, bryst, uten skinn, rÜ;72;586;4.9;81;0;0;23.8;49;0;0.7;0
03.013;Lam, sadel, rÜ;64;944;17.1;77;0;0;18.3;7;0;0.2;0
03.014;Lam, lÜr, stek, rÜ;70;676;9.3;51;0;0;19.5;6;0;0.5;0
03.015;Lam, lÜr med mõrbrad, rÜ;69;754;11.6;51;0;0;19.1;7;0;0.5;0
03.017;Lam, ribbe, side med ben, rÜ;59;1181;24.2;52;0;0;16.8;18;0.1;0.3;0
03.029;FenalÜr;45;1098;16.8;89;0;0;28;7;0,03;0.2;0
03.031;Sau, fÜrekjõtt, lettsaltet, rÜ;45;1533;35;52;0;0;14;24;0.1;0.3;0
03.032;Pinnekjõtt, rÜvare;31;1876;37;114;0;0;29.8;17;0;0.6;0
03.033;Hval, rÜ;74;488;2.4;57;0;0;23.5;90;3.8;0.3;0
03.037;Kalv, stek, rÜ;75;453;2.4;38;0;0;21.4;1;0;0.2;0
03.039;Kalv, koteletter, rÜ;74;494;3;38;0;0;22.5;2;0;0.2;0
03.044;Kanin, rÜ;73;522;4;71;0;0;22;10;0.4;0.4;0
03.051;Storfe, bankekjõtt, rÜ;73;524;4.1;38;0;0;21.9;4;0.1;0.2;0
03.052;Storfe, bibringe, rÜ;66;869;14.8;41;0;0;18.9;9;0.2;0.4;0
03.053;Storfe, bog, uten knoke, rÜ;70;669;8.8;38;0;0;20.2;8;0.1;0.4;0
03.054;Storfe, entrecìtekam, rÜ;67;833;13.1;41;0;0;20.5;6;0.2;0.5;0
03.056;Storfe, flatbiff, rÜ;75;445;1.7;38;0;0;22.5;2;0;0.3;0
03.057;Storfe, hõyrygg, rÜ;70;679;9.2;38;0;0;19.9;8;0.1;0.4;0
03.058;Storfe, indrefilet, rÜ;74;497;3.7;38;0;0;21.2;4;0;0.4;0
03.060;Storfe, kotelettkam, rÜ;69;710;9.9;41;0;0;20.2;9;0.2;0.3;0
03.064;Storfe, mõrbrad, rÜ;74;463;2.3;38;0;0;22.2;3;0;0.3;0
03.066;Storfe, ytrefilet, rÜ;75;463;2.3;38;0;0;22.2;3;0;0.2;0
03.068;Storfe, filetkam, rÜ;72;692;9;38;0;0;21.1;7;0.1;0.2;0
03.082;Svin, kotelett, kam, svinekoteletter, inntil 5 mm fettrand, rÜ;62;1014;18.3;46;0;0;19.8;8;0.2;0.7;0
03.083;Svin, nakkekoteletter, rÜ;64;935;17;50;0;0;18;8;0.4;0.9;0
03.086;Svin, mõrbrad, rÜ;65;895;15.7;50;0;0;18.5;6;0.2;0.7;0
03.087;Svin, tynnribbe, med svor, rÜ;50;1533;35.1;46;0;0;13.8;15;0.4;1.4;0
03.089;Svin, midtribbe, med kam og svor, rÜ;54;1357;29.5;46;0;0;15.6;13;0.4;1.2;0
03.090;Svin, sideflesk, uten bein, rÜ;50;1585;36.6;46;0;0;13.6;16;0.4;1.5;0
03.091;Svin, skinke, med knoke, rÜ;66;911;16.4;48;0;0;17.9;7;0.2;0.7;0
03.095;Svin, bogstek, kjõtt uten fettrand, rÜ;72;605;6.7;47;0;0;21;6;0.1;0.6;0
03.096;Svin, kotelett, kam, svinekotelett, uten fettrand, rÜ;69;703;8.9;44;0;0;22;6;0.2;0.6;0
03.098;Svin, skinkestek, rÜ;73;548;4.7;48;0;0;22;4;0.1;0.6;0
03.099;Svin, bacon med svor, rÜ;51;1402;31.5;46;0;0;13.9;14;0.4;1.3;0
03.100;Svin, sideflesk, lettsaltet, rÜ;57;1245;27.4;46;0;0;13.6;12;0.3;1.1;0
03.103;Bayonneskinke, kokt;60;949;15.9;72;0;0;21.2;4;0;0.3;0
03.105;Svinekam, rõkt;67;865;17.6;50;0.3;0;12.3;4;0;0.1;0
03.106;Kokt skinke, skiver;74;394;2.1;46;0;0;18.6;2;0.1;0.4;0
03.109;Skinkerull, Westfalerskinke;54;1192;20;90;0;0;26.6;4;0;0.3;0
03.111;Spekeskinke;49;966;11.5;99;0;0;31.8;5;0.1;0.8;0
03.112;Elg, ytterlÜr, stek, rÜ;74;424;1.3;78;0;0;22.1;2;0.4;0.8;0
03.113;Hare, rÜ;73;478;3;65;0;0;21.6;8;0;0.8;0
03.114;Hjort, stek, rÜ;76;417;1.3;62;0;0;21.7;8;0.4;0.8;0
03.115;Reinsdyr, bog, stek, rÜ;74;495;3.6;45;0;0;21.3;8;0.3;0.8;12
03.117;Blod, okse, rÜ;81;327;0.2;100;0;0;18.8;28;0.1;0.4;0
03.118;Hjerte, rÜ;77;450;3.9;150;0;0;18;6;1;0.3;2
03.120;Lever, lam, rÜ;72;538;4.1;320;2;0;20.7;32760;0.5;1.5;20
03.121;Lever, rein, rÜ;72;539;4.1;182;3.3;0;19.5;20000;0.1;0.8;11
03.122;Lever, storfe, rÜ;72;523;3.2;230;3.5;0;20.3;23220;1.1;1.3;25
03.123;Lever, svin, rÜ;73;503;3.4;310;0.8;0;21.4;23580;1.1;1.5;15
03.126;Karbonadedeig, rÜ;73;559;5.4;36;0;0;21.1;3;0.1;0.4;0
03.127;Kjõttdeig, med vann/salt, fersk, rÜ;66;838;14;60;0;0;18.8;8;0.2;0.5;0
03.128;Medisterdeig, rÜ;66;857;15.5;59;0;0;16.7;1;0;0.3;0
03.129;Kjõttfarse, rÜ;71;640;10.7;36;3.1;0.1;11.2;5;0;0.3;0
03.132;Hamburger, rÜ;70;697;11.2;50;0;0;16.6;7;0;0.3;0
03.133;Kjõttkaker, stekt;64;810;14.4;43;3.7;0;12.6;6;0;0.2;0
03.134;Kjõttpudding, stekt;66;808;13.6;41;6.2;0;11.7;0;0;0;0
03.135;Medisterkaker, stekt;51;1303;26.7;54;5.9;0.1;12.6;4;0;0.2;0
03.136;Karbonader, okse, rÜ;67;751;13.4;41;2.7;0;12.3;6;0;0.2;0
03.137;Karbonader, okse, stekt;64;777;12.3;44;5.6;1.5;12.6;8;0;0.7;0
03.144;Grillpõlse;61;963;18.4;45;5.1;0.9;11.1;8;0;1.1;30
03.145;Kjõttpõlse, rõkt/urõkt;61;959;18.8;44;4.3;1.3;10.6;10;0;0.7;40
03.146;Kjõttpõlse, med mindre fett;71;656;10.7;38;4.3;0;11;5;0;0.1;0
03.147;Knakkpõlse;59;1042;20.7;47;5.3;0.1;10.9;3;0;0.2;0
03.148;Medisterpõlse, kokt, rõkt/urõkt;56;1078;22;45;4.9;0.1;10.6;2;0;0.2;0
03.149;Sosisser, smÜ põlser;58;1048;20.8;45;5.2;0.1;11.1;3;0;0.2;0
03.150;Wienerpõlse, sportswiener;60;990;18.6;49;5.9;1;11.4;4;0;1.2;33
03.151;Bankekjõtt, salt;70;429;4.3;78;0;0;15.9;4;0;0.2;0
03.152;Falukorv;59;1055;21.1;42;5.1;0.1;11;3;0;0.2;0
03.153;Fleskepõlse;46;1503;34.5;67;0.1;0.1;13.2;1;0;0.2;0
03.154;FÜrepõlse;43;1382;25.5;89;2.1;0;23.7;13;0.1;0.3;0
03.155;Kalverull;62;784;15.4;60;0;0;12.6;6;0.3;0.8;0
03.157;Leverpostei;60;915;18.1;43;3.8;0;10.6;4415;0.1;0.6;0
03.159;Morrpõlse, skiver;31;1729;34.5;142;0.1;0;26.5;9;0.2;1.9;0
03.161;Okserull;70;703;9.1;62;0.1;0.1;21.4;5;0;0.3;0
03.162;Reinsdyrpõlse;27;1931;43;0;0;0;20;0;0;0;0
03.163;Salami;38;1638;35.3;82;0;0;19.5;5;0;0.2;0
03.164;Servelat;63;907;17.3;43;5;0;10.7;4;0;0.2;0
03.165;Skinke, kokt;74;434;3.5;52;0;0;17.9;4;0;0.3;0
03.166;Stabburpõlse;25;2080;45;97;2.9;0;21.5;19;0.2;0.4;0
03.167;Sylte;49;1306;24.6;81;0;0;23.3;2;0;0.7;0
03.170;Blodpudding;48;1092;13.7;68;24.3;0;10.1;51;0.1;0.7;0
03.171;Lungemos, kjõpt;67;826;14.5;61;1;0;16;0;0.2;0;0
03.177;Kjõttboller, hermetisk;77;495;8;0;1.9;0;9.8;0;0;0;0
03.181;Reinsdyrkaker, hermetisk;68;620;8.2;48;4.8;0.1;13.8;5;0;0.3;0
03.188;Bogskinke, hermetisk;71;564;7.2;52;0;1.5;16.8;4;0;0.3;0
03.190;Leverpostei, med mindre fett;67;715;10.6;110;5.5;0;13.5;4300;0.2;1.3;0
03.196;Salami, med mindre fett;45;1235;21.9;86;0.1;0;24.9;4;0.1;1.1;0
03.198;Wienerpõlse, med mindre fett;68;603;11;37;0;0;11.5;3;0;0.3;0
03.199;Grillpõlse, med mindre fett;68;662;10.9;36;4;0;11.2;3;0;0.3;0
03.201;Svin, grillbein, rÜ;63;1025;19.9;46;0;0;17;9;0.4;0.8;0
03.202;Servelat, med mindre fett;68;670;10.4;39;4.2;0.1;12.5;4;0;0.2;0
03.203;Pizza, med kjõtt, fryst, kjõpt;52;898;9;24;20.9;2;11.4;41;0;0.9;3
03.204;Kalkun bryst, filet, uten skinn, rÜ;72;482;1.4;49;0;0;25.3;7;0.3;0.2;0
03.205;Kylling, bryst, filet, uten skinn, rÜ;75;442;1;56;0;0;23.8;5;0.1;0.7;0
03.206;Hõne, kjõtt med skinn, kokt;51;1296;23.3;95;0;0;25.5;43;0;0.5;0
03.207;Svin, kjõtt fra knoke, rÜ;72;631;8.1;48;0;0;19.5;7;0.2;1.1;0
03.208;Svin, flatbiff, rÜ;74;437;1.7;39;0;0;22;1;0;0.5;0
03.209;Svin, indrefilet, rÜ;74;489;3.1;44;0;0;22;1;0.1;0.7;0
03.210;Svin, ytrefilet, rÜ;74;467;1.6;41;0;0;24;3;0;0.4;0
03.211;Lam, flatbiff, rÜ;75;440;2.1;51;0;0;21.3;3;0;0.5;0
03.212;Lam, ytrefilet, rÜ;74;506;3.9;51;0;0;21.3;1;0;0.4;0
03.213;Lam, indrefilet, rÜ;75;487;3.8;51;0;0;20.4;4;0;0.3;0
03.214;Lammerull;63;950;17.4;74;0;0;18;9;0;0.4;0
03.215;Lam, bogstek, rÜ;68;781;12.6;52;0;0;18.5;11;0;0.5;0
03.217;Lam, grytekjõtt, rÜ;68;801;13.2;52;0;0;18.4;7;0;0.4;0
03.218;Lam, fÜrikÜlkjõtt, rÜ;64;954;17.7;52;0;0;17.6;10;0.1;0.3;0
03.219;Storfe, rundstek, rÜ;74;451;2;38;0;0;22.2;3;0;0.2;0
03.221;Storfe, bogstek, rÜ;74;508;3.7;38;0;0;21.8;5;0;0.3;0
03.222;Storfe, kam, rÜ;70;677;8.6;38;0;0;21.1;7;0.1;0.3;0
03.224;Hõne, bryst, filet, uten skinn, rÜ;73;451;0.7;63;0;0;25;9;0.1;0.3;0
03.225;Kylling, lÜr, kjõtt med skinn, rÜ;68;837;14.2;83;0;0;18.3;30;0.9;0.2;0
03.226;Kylling, vinge, kjõtt med skinn, rÜ;67;778;12.2;77;0;0;19.2;44;0;0.5;0
03.231;And, kjõtt uten skinn, rÜ;74;552;6.5;110;0;0;18.3;24;0.1;0;0
03.232;And, kjõtt uten skinn, ovnsstekt;67;769;8.7;147;0;0;26.3;27;0;0.3;0
03.233;And, kjõtt med skinn, ovnstekt;33;2136;49.7;96;0;0;17.5;57;0;0.5;0
03.234;GÜs, kjõtt med skinn, ovnsstekt;33;2037;44.8;107;0;0;22.3;19;0;0.5;0
03.236;Hõne, filet, kokt;64;599;0.9;84;0;0;33.3;11;0;0.3;0
03.237;Hõne, kjõtt uten skinn, rÜ;71;590;6.3;63;0;0;21;9;0.1;0.3;0
03.239;Kalkun, kjõtt uten skinn, rÜ;75;443;1.6;70;0;0;22.6;7;0.3;0.2;0
03.240;Kalkun, kjõtt uten skinn, ovnstekt;67;589;2.1;93;0;0;30.1;7;0;0;0
03.241;Kalkun, brystfilet, uten skinn, ovnstekt;66;595;0.7;76;0;0;33.5;7;0;0;0
03.242;Kylling, brystfilet, stekt i fett;68;612;4.1;80;0;0;27.1;18;0;0.5;0
03.243;Kylling, brystfilet, stekt uten fett;70;522;1.3;81;0;0;27.9;0;0;0.1;0
03.244;Kylling, lÜrkjõtt med skinn, ovnstekt;61;922;14.3;138;0;0;23.1;33;0;0.2;0
03.245;GÜs, kjõtt uten skinn, ovnstekt;58;894;9.5;112;0;0;31.9;13;0;0.3;0
03.246;Kylling, kjõtt uten skinn, ovnstekt;69;571;2.6;113;0;0;27.9;11;0;0.2;0
03.247;Kylling, hel, kjõtt med skinn, grillet;60;942;13.5;128;0;0;26;26;2.1;1.2;0
03.248;Kylling, vinger med skinn, ovnstekt;53;1110;17.4;110;0;0;27.4;53;0;0.6;0
03.249;Rype, bryst uten skinn, ovnstekt;68;682;5.7;94;0;0;27.7;49;0;0.7;0
03.250;Moussaka, med kjõttdeig;67;657;9.8;37;10;1.3;6.7;38;0.1;1.2;12
03.251;FÜrikÜl av lammekjõtt;77;475;6.4;36;3.4;1.3;10;11;0;0.4;18
03.252;Wienersnitzel, rÜ;57;1018;15.8;59;5.8;0;19.7;11;0;0.7;0
03.254;Lasagne med kjõttdeig;70;625;8.3;18;10.9;0.8;7.4;49;0.2;0.6;3
03.256;Biff stroganoff;60;1018;18.9;75;3.5;0.5;15;197;0.4;1;5
03.257;LammefrikassÇ;77;534;8;42;2.4;0.8;11.2;51;0.1;0.5;7
03.259;Lever, kylling, rÜ;75;476;4.1;380;0;0;19.1;9702;0.2;0.6;28
03.260;Reinsdyr, kjõtt, rõkt;70;480;3.1;78;0;0;21.5;9;0.4;0.8;0
03.261;Pai, med skinke og ost;47;1332;22.5;97;14.1;0.6;15;179;1.1;1.8;1
03.262;Pizza, med kjõttdeig;68;805;8.1;19;19.1;1.8;9.8;41;0.1;0.8;3
03.265;Lam, lÜrsteik med mõrbrad, ovnsstekt;61;892;11.3;106;0;0;27.9;7;0;0.6;0
03.266;Lam, kotelett og sadel, kjõtt med fettrand;61;1066;20.4;52;0;0;18.3;8;;0.7;0
03.267;Lam, kotelett, stekt;54;1207;21.4;103;0;0;24.4;8;0;0.3;0
03.268;Storfe, entrecìtekam, stekt;60;961;13.7;85;0;0;26.7;12;0.3;0.4;0
03.271;Storfe, ytrefilet, stekt;70;584;3.6;71;0;0;26.5;2;0;0.3;0
03.272;Svin, flatbiff, stekt;70;514;2;46;0;0;25.9;1;0;0.4;0
03.273;Svin, koteletter, kam med fettrand, stekt;44;1447;26.1;66;0;0;28.3;10;0.3;0.8;0
03.274;Svin, nakkekoteletter, stekt;48;1336;24.3;71;0;0;25.7;9;0.5;1.1;0
03.275;Svin, bacon med svor, stekt;34;2118;49.9;68;0;0;16;9;0;0.2;0
03.280;Storfe, kjõtt, kokt;60;887;10.7;87;0;0;28.9;10;0.2;0.4;0
03.281;Storfe, steik, roastbiff, rosa stekt;69;601;3.7;75;0;0;27.3;5;0.1;0.3;0
03.282;Svin, stek, med fettrand, ovnsstekt;55;1138;19;90;0;0;25.6;4;0;0.2;0
03.283;Svin, familieribbe, stekt;38;1844;39.6;102;0;0;22.3;11;0;0.4;0
03.285;Svin, sideflesk, lettsaltet, stekt;41;1863;42.9;75;0;0;16.2;9;0;0.5;0
03.288;Lys lapskaus, storfekjõtt 10% fett;78;398;4.3;27;4.4;0.8;9.3;33;0;0.2;5
03.289;Leverpostei, hermetisk;59;1117;25;45;1.8;0;9.5;1480;0.1;0.1;0
03.291;Svin, familieribbe, rÜ;54;1357;29.5;46;0;0;15.6;13;0.4;1.2;0
03.292;Kylling, hel, kjõtt uten skinn, rÜ;75;457;2.1;70;0;0;22.3;11;0.1;0.2;0
03.296;Svin, stek uten fettrand, ovnsstekt;66;783;6.7;69;0;0;31.5;5;0.2;0.7;0
03.297;Svin, koteletter, kam uten fettrand, stekt;54;1005;12.7;63;0;0;31.5;7;0.2;0.7;0
03.299;Kylling, kjõtt uten skinn, grillet;65;682;5.9;114;0;0;27.3;13;1.7;0.7;0
03.302;Kyllinggryte, med tomat, lõk, sopp;79;367;3.1;44;2.5;0.9;11.9;22;0;0.5;4
03.304;Pizza, med pepperoni, fryst, kjõpt;50;931;9.6;20;21.4;1.9;11.6;41;0;0.7;3
03.305;GÜs, kjõtt uten skinn, rÜ;68;650;7.1;84;0;0;22.8;12;0;0.3;0
03.306;Kylling, med skinn, marinert, kjõpt, ferdigstekt;65;737;10;100;0;0;21.6;28;0;1.2;0
03.307;Kylling, fritert, nuggets, gatekjõkken;53;1010;12.9;61;14.2;1.3;16.5;7;0;0.8;0
03.308;Hamburger, enkel, med brõd, dressing mv, kjõpt;43;994;8.2;24;27.6;1.9;12.1;12;0;0.4;1
03.309;Cheeseburger, med brõd, dressing mv, kjõpt;43;1047;10.6;33;24.3;1.7;13.4;35;0;0.5;0
03.310;Hamburger, dobbel, med brõd, dressing mv, kjõpt;49;1013;12.6;35;18.3;2.2;12.8;26;0;1;0
03.311;Hamburger, ekstra kjõtt, med brõd, dressing mv, kjõpt;49;1060;13;41;16.5;2.5;16.4;46;0;0.8;1
03.312;Kyllingburger, med brõd, dressing mv, kjõpt;49;1048;11.4;30;24.8;2.6;10.8;12;0;1.1;1
03.313;Pasta med kalkun, ostesaus, fryst, kjõpt;75;423;3.3;10;12.6;1.5;4.4;73;0;0.4;9
03.314;Pasta med kjõttsaus, Bolognese, fryst, kjõpt;73;404;1.6;6;14.4;1.6;5.1;0;0;0.6;4
03.315;Lasagne med kjõttdeig, fryst, kjõpt;73;512;5.4;25;11.5;3.3;5.3;44;0.4;0.9;1
03.316;Ris med biffkjõtt, sursõt saus, fryst, kjõpt;75;405;1.5;4;17;1.4;2.9;16;0;0.6;5
03.317;Pytt i panne, stekte poteter med kjõtt og lõk, fryst, kjõpt;68;591;5.2;7;16;2.4;6.3;0;0;0.4;8
03.318;Grillpõlse, kalkun og kylling;66;804;13.4;78;4.9;1.1;12.7;29;0;1.6;0
03.319;Kjõttboller, kalkun og kylling;63;808;12.7;81;4.9;0;15;20;0;0.8;0
03.320;Kylling, fritert, nuggets, dagligvare;54;1125;16.7;43;13.1;0;16.7;6;0;0.9;0
03.321;Panetter, med kylling og ost;50;872;11.6;55;10.4;1.6;14.9;41;0;0.3;0
03.322;Kalkun, rull, krydderskinke;74;420;3.5;69;0;0;17.1;8;0;0.5;0
03.323;Kalkun, naturell/rõkt;73;374;0.5;43;0;0;20.9;2;0;0.3;0
03.324;Pai, med skinke og ost, fryst, kjõpt;50;1182;19.4;100;15.3;1.5;11.3;150;0;1.9;1
03.325;Pizza, med kjõttboller, skinke, fryst, kjõpt;52;813;5.1;14;25.6;2.2;10.1;31;0;0.8;7
03.326;Sodd, med kjõttboller kjõtt, hermetisk;89;189;2.1;7;3.6;1;2.5;40;0;0.3;1
03.328;Kylling, brystfilet, med skinn, rÜ;72;529;4.6;69;0;0;21.1;13;0.4;0.8;0
04.001;BlÜkveite, rÜ/kaldrõkt;77;645;11;74;0;0;14;10;9.1;3.3;0
04.003;Brisling, rÜ;51;862;17.6;57;0;0;12.4;60;18.7;1.2;0
04.004;Brosme, rÜ;82;281;0.2;53;0;0;16.1;2;0;0.3;0
04.005;Rõdspette, rÜ;81;382;2.6;68;0;0;16.8;12;6;1.2;0
04.006;Gjedde, rÜ;80;339;0.7;90;0;0;18.4;9;0.9;0.7;3
04.008;Horngjel, rÜ;75;464;2.7;82;0;0;21.4;7;5;1.7;0
04.009;Hvitting, rÜ;80;333;0.6;50;0;0;18.3;3;0.7;0.2;0
04.010;Hyse kolje, rÜ;81;290;0.2;46;0;0;16.6;2;0.5;0.5;0
04.011;Hyse kolje, rõkt, skiver, rÜ;78;345;0.6;36;0;0;19;2;0.7;0.5;0
04.014;Kveite hellefisk, rÜ;71;515;6.1;50;0;0;17;17;9.7;1.8;0
04.015;Laks, vill, rÜ;66;760;11.5;50;0;0;19.7;0;8;1.3;0
04.018;Laks, rõkt;63;938;14.7;63;0;0;23.2;7;7.5;3;0
04.019;Lange, rÜ;80;305;0.2;46;0;0;17.5;2;3.4;0.3;0
04.020;Lutefisk, tõrr vare, rÜ;88;205;0.3;50;0;0;11.4;0;1;1;0
04.021;Lyr, rÜ;82;279;0.2;40;0;0;16;2;2.2;0.7;0
04.022;Makrell, mai-juni, rÜ;74;516;5.4;68;0;0;18.6;14;6;0.6;0
04.023;Makrell, rÜ, vill (hõst);55;1214;25;80;0;0;17;15;5.4;0.4;0
04.024;Makrell, varmrõkt;53;1223;24.1;64;0;0;19.5;13;4.5;0.8;0
04.029;Sei, rÜ;80;292;0.3;49;0;0;16.5;2;0.8;0.6;0
04.030;Sik, rÜ;74;477;3;50;0;0;21.5;8;3;2.6;0
04.031;Sild, fetsild, sommersild, rÜ;56;1214;25;68;0;0;17;6;11.5;0.6;0
04.032;Sild, storsild, vintersild, rÜ;66;776;14;68;0;0;15.2;6;11.5;0.6;0
04.033;Sild, kryddersild;68;640;12;50;0;0;11.5;6;11.5;0.6;0
04.037;Steinbit, rÜ;78;409;2.5;55;0;0;18.6;27;1.8;1.1;0
04.038;Torsk, vill, rÜ;81;345;1.1;56;0;0;17.9;12;2;0.7;0
04.039;Torsk, i skiver, rÜ;80;319;0.3;58;0;0;18.1;2;1.4;1.1;0
04.041;Tõrrfisk;15;1386;1.4;152;0;0;78.5;40;2.4;0.5;0
04.042;Torsk, lettsaltet i skiver, rÜ;80;319;0.3;58;0;0;18.1;2;1.5;1.1;0
04.043;Tunfisk, makrellstõrje, rÜ;74;445;1;41;0;0;24;372;1.6;1.2;0
04.045;Uer, rÜ;79;394;2.8;43;0;0;17.1;3;0;1.4;0
04.046;Uer, lettsaltet, rÜ;79;394;2.8;43;0;0;17.1;3;0;1.4;0
04.047;ùrret, sjõõrret, rÜ;75;462;3.3;50;0;0;20;12;9;0.6;0
04.048;èbor, rÜ;81;356;1.3;60;0;0;18.1;9;0.8;1.2;0
04.049;èl, rÜ;46;1497;32.5;142;0;0;17.3;600;30;8;1
04.050;èl, rõkt;50;1352;28;140;0;0;18.6;600;36;7.5;0
04.051;Lever, torsk, rÜ;37;2277;59;245;0;0;5.5;4794;89.7;5.2;0
04.052;Rogn, torsk, rÜ;74;478;2.9;235;0;0;21.8;0;12.1;10;0
04.053;BlÜskjell, rÜ;85;229;1.4;41;0;0;10.4;14;0;0.8;0
04.054;Hummer, kokt;78;281;0.6;93;0;0;15.2;26;0;4.3;0
04.055;Krabbe, kokt;72;456;1.8;142;0;0;22.9;4;0;1.2;0
04.057;Reker, kokt;68;426;0.8;150;0;0;23.3;2;3.5;5.3;0
04.058;ùsters, rÜ;80;247;2.4;50;0;0;9.3;38;3.1;1.1;3
04.061;Fiskekaker, kjõpt;74;463;4.5;38;8;0.9;9;33;0;0.4;0
04.062;Fiskekarbonader, mager fisk;70;640;10.1;31;5.3;0.1;10.3;10;0.4;2.5;0
04.063;Fiskepudding;80;343;2.3;26;7.1;0.1;8;20;0.3;0.2;0
04.065;Fiskepinner, forfritert, fryst;59;829;8.3;37;17.4;0.6;13;2;0.8;1.6;0
04.068;Rõdspette, filet, kavringpanert, rÜ;68;541;3.4;87;11.5;0;12.9;51;6.6;1.1;0
04.069;Sei, filet, kavringpanert, rÜ;66;396;2.7;83;2.3;0;15.1;49;0.8;0.2;0
04.070;Torsk, filet, kavringpanert, rÜ;66;414;2.7;89;2.3;0;16.2;49;1.4;1.5;0
04.071;Seibiff, melpanert, med forstekt lõk, fryst, kjõpt;76;436;1.4;48;6.7;0.6;15.6;10;0.7;0.6;0
04.075;Ansjos, hermetisk;53;903;13.1;90;12.1;0;12.5;57;0.2;0.6;0
04.076;BlÜskjell, hermetisk, avrent;77;361;2.5;78;0;0;15.8;84;0;1.2;0
04.079;Fiskeboller, hermetisk, uten kraft;84;255;0.6;34;6.6;0;7.1;8;0;0.3;0
04.080;Fiskegrateng, med egg, fryst, kjõpt;78;430;3.5;66;9.2;0;8.5;70;0.7;1.2;0
04.086;Gaffelbiter, sild, hermetisk;58;1000;16;80;8;0;16;30;11;0.5;0
04.087;Kaviar, av lodderogn;74;457;5.5;300;0;0;14.9;9;3.8;7.5;0
04.089;Kaviar, av torskerogn;32;1714;35.2;101;13.7;0;10.5;0;0;5.8;0
04.091;Krabbe, naturell, hermetisk;72;456;1.8;87;0;0;22.9;9;0.1;1.2;0
04.097;Makrellfilet, i tomat, hermetisk;56;1171;23.1;23;5.2;0;13.4;103;5;2.4;0
04.098;Reker, i lake, avrent;82;247;0.6;150;0;0;13.2;0;0;4;0
04.100;Rogn, torsk, presset, hermetisk;74;531;1.9;330;0;0;27.1;79;18;6.2;0
04.101;Rognleverpostei, Svolvër-/Lofotpostei;46;1688;38.6;228;2.1;1.6;12.4;2400;39.1;9.3;1
04.106;Tunfisk, i gele, hermetisk;81;295;0.4;30;0;0;16.5;0;0;0.3;0
04.107;Tunfisk, i olje, avrent, hermetisk;70;540;3.3;54;0;0;24.6;0;0;1.3;0
04.108;Tunfisk, i vann, avrent, hermetisk;73;461;1.2;42;0;0;24.5;0;0;0.6;0
04.111;PigghÜ, hÜbrann, rÜ;76;541;6.4;76;0;0;17.9;0;9.1;2;0
04.112;Piggvar, rÜ;79;359;2.4;54;0;0;15.9;4;1.7;0.6;0
04.113;Lomre, rÜ;81;283;0.3;60;0;0;16;0;0;0.5;0
04.114;Kamskjell, rÜ;78;345;1.1;126;0;0;17.9;4;4.2;1.3;0
04.115;BlÜlange, rÜ;82;271;0.1;46;0;0;15.7;2;3.4;0.2;0
04.116;HÜbrann, rÜ;79;360;0.4;52;0;0;20.3;0;0.3;0.6;0
04.117;Rõye, rÜ;73;536;7.1;61;0;0;16.1;30;6.9;1.3;0
04.118;Sjõtunge, rÜ;84;270;0.5;50;0;0;14.8;0;8;0.6;0
04.119;Skate, rÜ;85;245;0.2;50;0;0;14;0;0;0.7;0
04.120;HavÜl, rÜ;75;498;5.2;142;0;0;18;600;30;2.8;1
04.121;Kreps, kokt;85;230;1.3;125;0;0;10.7;0;0;3.2;0
04.123;Sild, rõkt, bõkling;64;767;10.4;85;0;0;22.5;85;8.3;1;0
04.200;Rõdspette, fylt, forfritert, fryst;62;856;12.9;39;13.2;0.6;8.8;4;4.1;0.6;0
04.203;Torsk, forfritert, fylt, fryst;70;598;6.8;39;9.6;0.4;10.6;14;0.8;0.6;0
04.204;Fiskesuppe, med mager fisk, fryst;75;451;6.3;14;5.8;0.5;6.8;18;0.2;0.8;2
04.205;Fiskesuppe, med laks, fryst;83;273;4.3;0;2.1;0;4.6;11;0.8;0;0
04.207;Reker, innbakt, forfritert, fryst;51;945;10;110;18.6;0.9;14.8;1;1.8;1.1;0
04.208;Akkar, innbakt, forfritert, fryst;57;888;10.1;145;18.6;0.9;11.2;47;0.1;2.4;0
04.209;Fiskegrateng, uten egg, fryst, kjõpt;72;550;4.8;31;14.7;0;7.2;98;1;1.2;0
04.210;Fiskeboller, kjõlevare;80;323;2;29;5.2;0.1;9.4;17;0.3;0.3;0
04.211;Breiflabb, rÜ;83;272;0.1;25;0;0;15.8;80;1;0.5;0
04.218;Hyse, kolje, kokt;76;365;0.3;58;0;0;20.8;3;0.9;0.6;0
04.220;Laks, oppdrett, rÜ;61;932;16;80;0;0;20;26;10;1.4;0
04.221;Hyse, kolje, rõkt, skiver, kokt;74;407;0.7;54;0;0;22.4;2;0.8;0.6;0
04.222;Kveite, skiver, kokt;71;608;7.2;59;0;0;20.1;18;11.4;2.1;0
04.223;Kveite filet, melpanert, stekt i fett;63;823;11.3;59;3.6;0.2;20.1;45;11.5;2.7;0
04.224;Laks, vill, kokt;60;898;13.6;59;0;0;23.2;0;9.4;1.5;0
04.225;Laks, oppdrett, skiver, kokt;56;1101;18.9;94;0;0;23.6;28;11.8;1.6;0
04.226;Laks, oppdrett, skiver, stekt i fett;48;1304;22.7;93;3.6;0.2;23.6;54;11.8;2.2;0
04.227;Makrell, juli-sept (fet), kokt;48;1433;29.5;94;0;0;20.1;16;6.4;0.5;0
04.228;Makrell, juli-sept (fet), stekt i fett;41;1626;33;93;3.6;0.2;20.1;43;6.6;1.1;0
04.229;Makrell, mai-juni, kokt;70;609;6.4;80;0;0;21.9;15;7.1;0.7;0
04.230;Makrell, mai-juni, stekt i fett;62;822;10.6;79;3.2;0.2;22;44;7.2;1;0
04.231;Rõdspette filet, kokt;74;475;3.2;85;0;0;21;14;7.5;1.5;0
04.232;Rõdspette filet, melpanert, stekt i fett;71;551;5.9;63;3.5;0.2;16;32;10.7;1.1;0
04.233;Rõdspette filet, kavringpanert, stekt i fett;62;635;10;86;2.1;2.1;12.5;89;7;1.9;0
04.234;Rõye, stekt uten fett/grillet;68;634;8.4;72;0;0;19;32;8.1;1.5;0
04.235;Rõye, melpanert, stekt i fett;60;848;12.5;71;3.5;0.2;19.1;58;8.3;2.1;0
04.236;Sei, kokt;75;372;0.4;61;0.4;0;20.6;3;0.9;0.8;0
04.237;Sei, filet, melpanert, stekt i smõr;69;548;4.5;67;2.9;0.1;19.5;54;1.3;0.8;0
04.238;Sei, filet, melpanert, stekt i hard margarin;69;539;4.3;56;2.8;0.1;19.5;41;1.3;1.4;0
04.239;Sei, filet, melpanert, stekt i myk margarin;70;526;3.9;56;2.9;0.1;19.5;43;1.3;1.1;0
04.240;Sei, filet, melpanert, stekt i soyaolje;69;575;5.4;56;2.6;0.1;19.4;2;0.8;1.2;0
04.241;Sei, filet, kavringpanert, stekt i fett;60;645;9.3;82;2.1;2.1;14.6;88;1.4;2;0
04.242;Sild, fetsild/sommersild, kokt;45;1520;31.3;85;0;0;21.3;6;14.4;0.8;0
04.243;Sild, fetsild/sommersild, melpanert, stekt i fett;40;1655;33.8;80;3.5;0.2;20.2;38;13.6;1.4;0
04.244;Sild, storsild/vintersild, kokt;58;971;17.5;85;0;0;19;6;14.4;0.8;0
04.245;Sild, storsild/vintersild, melpanert, stekt i fett;51;1153;21.2;80;3.5;0.2;18.1;38;13.6;1.4;0
04.246;Steinbit, kokt;72;511;3.1;69;0;0;23.3;30;2.2;1.4;0
04.247;Steinbit, filet, melpanert, stekt i fett;67;663;7;62;2.8;0.1;20.9;54;2.3;1.8;0
04.248;Torsk, skiver, kokt;76;399;0.4;73;0;0;22.6;3;1.9;1.4;0
04.249;Torsk, filet, melpanert, stekt i fett;70;581;4.6;68;2.8;0.1;21.3;30;2.1;1.9;0
04.250;Breiflabb, filet, kokt;78;340;0.1;31;0;0;19.8;90;1.2;0.6;0
04.251;Torsk filet, kavringpanert, stekt i fett;60;664;9.3;88;2.1;2.1;15.7;88;1.9;2.4;0
04.252;Torsk lettsaltet, kokt;76;399;0.4;73;0;0;22.6;3;1.9;1.4;0
04.253;Klippfisk, saltet og tõrket;40;680;1;152;0;0;37.8;42;2.4;0.6;0
04.255;Laks, filet, gravet;61;748;9.2;70;2.8;0;21.2;30;12.5;2.2;0
04.256;ùrret, oppdrett, rÜ;70;693;10;73;0;0;19;32;6.9;1.1;0
04.257;ùrret, oppdrett, kokt;64;817;11.8;86;0;0;22.4;34;8.1;1.3;0
04.258;Snegler, hermetisk;73;306;1.2;105;0;0;15.4;90;0;3.9;0
04.259;ùrret, sjõõrret, melpanert, stekt i fett;62;762;8.1;59;3.5;0.2;23.6;40;10.7;1.4;0
04.260;ùrret, filet, rõkt;58;937;14.2;54;0;0;24.2;18;8.3;2.9;0
04.261;Uer, lettsaltet, skiver, kokt;75;466;3.3;51;0;0;20.2;4;0;1.7;0
04.262;Akkar, tiarmet blekksprut, rÜ;81;325;1.7;225;0;0;15.4;15;0;1.2;0
04.264;Kamskjell, kokt;73;433;1.4;158;0;0;22.4;5;5.2;1.4;0
04.265;Krabbepinner, Crabsticks, fryst;68;431;0.7;35;10.7;0.3;13;1;0.5;0.5;0
04.266;Uer, kokt;75;466;3.3;51;0;0;20.2;4;0;1.7;0
04.267;ùrret, oppdrett, skiver, melpanert, stekt i fett;56;1028;15.8;85;3.6;0.2;22.4;60;8.3;1.9;0
04.268;Fiskekarbonader, sei;75;467;4.9;43;2.4;0;14.4;33;0.9;0.8;0
04.269;Fiskepudding med flõte, flõtepudding;76;463;5.7;36;6.9;0.1;7.9;62;0.3;0.3;0
04.270;Fiskefarse, mager fisk, rÜ;83;261;0.9;25;4.2;0;9.2;9;0.3;0.3;0
04.271;Fiskekarbonader, makrell;64;877;15.2;59;2.4;0;16.1;43;8;0.8;0
04.272;Fiskekarbonader, laks;64;920;15.8;57;2.4;0;17.3;40;6.9;1.5;1
04.273;Fiskekarbonader, sild;59;1050;20.8;59;2.4;0;14.1;36;9.8;0.8;0
04.274;FiskepatÇ, mager fisk;74;541;6.9;103;4.3;0;12.5;103;1;1.3;0
04.275;FiskepatÇ, laks;67;813;13.8;107;4.3;0;13.5;107;4.4;1.5;1
04.276;Fiskepinner, forfritert, stekt i hard margarin;54;1034;14.3;36;16.8;0.6;12.6;63;1.5;2.5;0
04.277;Reker, innbakt, forfritert, stekt i soyaolje;44;1213;17.7;107;18;0.9;14.4;1;1.8;1.8;0
04.278;Rõdspette, panert, forfritert, fylt, ovnstekt uten fett;60;895;13.5;41;13.8;0.6;9.2;4;4.3;1.6;0
04.279;Rõdspette, panert, forfritert, fylt, stekt i fett;56;1077;19.2;40;12.7;0.6;8.6;47;4.5;1.5;0
04.280;Seibiff, melpanert, med forstekt lõk, kjõpt, stekt i fett;68;585;3.8;57;7.7;0.7;18.1;31;1.1;1.3;0
04.281;Torsk, panert, forfritert, fylt, ovnstekt uten fett;68;626;7.1;41;10.1;0.4;11.1;13;0.8;0.6;0
04.282;Torsk, panert, forfritert, fylt, stekt i fett;64;827;13.3;40;9.2;0.4;10.3;55;1.3;1.5;0
04.283;Torsk, forfritert, fryst, rÜ;59;845;9.2;37;17.4;0.6;12;2;0.8;1.6;0
04.284;Torsk, panert, forfritert, stekt i fett;53;1067;15.6;38;16.8;0.6;11.7;46;1.3;2.4;0
04.285;Tunfisk, i olje, ikke avrent, hermetisk;62;877;13.5;45;0;0;22.2;0;0;4.9;0
04.286;Seilaks, i olje, avrent;69;660;11.3;42;0;0;14.2;2;0.6;1.6;0
04.287;Sild, marinert, i majones/rõmme;47;1287;22.7;33;20.8;0;5.5;52;7.9;1.6;0
04.288;Sild, marinert, sennepssild;49;1049;13.7;10;25.6;0.4;6.1;3;7.7;1.1;0
04.289;Sild, kryddersild, innlagt, avrent;51;938;10.6;15;24.5;0;7.6;4;12;0.3;0
04.290;Sild, sursild, innlagt, avrent;53;897;11.1;19;20.8;0;7.8;6;11;0.5;0
04.291;Fiskegrateng med egg, ovnstekt;71;622;8.7;128;4.1;0.1;13.5;109;1.4;2.1;0
04.292;Fiskegrateng med egg og makaroni, ovnstekt;70;655;9;119;7.6;0.3;11.2;109;1.2;1.9;0
04.293;Fiskegrateng med egg, ovnstekt, kjõpt;75;481;3.9;74;10.3;0;9.5;71;0.8;1.3;0
04.294;Fiskegrateng uten egg, ovnstekt, kjõpt;69;618;5.4;35;16.5;0;8.1;99;1.1;1.3;0
04.295;Gryte, sei, lõk og paprikasaus;79;381;3.4;29;4.6;0.6;10.1;28;0.5;0.8;15
04.296;Gryte, torsk med tomat;84;279;1.9;32;1.7;0.6;10.3;24;0.9;1.1;5
04.297;Kabaret, med fiskepudding og reker;87;199;1.1;37;1.7;0.5;7.4;14;0.6;1;1
04.298;Fiskesuppe, med mager fisk;91;167;1.8;13;0.8;0.6;4.8;36;0.3;0.3;3
04.299;Fiskesuppe, med mager fisk, jevnet;90;180;1.7;26;1.9;0.6;4.7;79;0.2;0.5;1
04.301;Sildesalat, med potet;80;314;2.5;10;9.1;1.6;3.2;2;2.4;0.3;5
04.302;Akkar, tiarmet blekksprut, kokt;62;636;3.3;441;0;0;30.2;27;0;2.4;0
04.303;Fiskepinner, forfritert, stekt i myk margarin;55;1013;13.7;36;16.9;0.6;12.6;67;1.6;2.1;0
04.304;Fiskepinner, forfritert, stekt i smõr;54;1050;14.6;53;17;0.6;12.7;84;1.5;1.6;0
04.305;Fiskepinner, forfritert, stekt i soyaolje;52;1098;16;36;16.9;0.6;12.6;2;0.8;2.3;0
04.306;Torsk, panert, forfritert, ovnstekt uten fett;57;887;9.7;39;18.2;0.6;12.6;2;0.8;1.7;0
04.307;Kaviarmix;26;2237;53.1;97;9.2;0;6.8;17;0.1;6.8;0
04.309;Kveite, hellefisk, skiver, rõkt, rÜ;65;877;14.8;62;0;0;19.4;33;5;0.9;0
04.310;Sild, spekesild, utvannet;65;873;16;68;0;0;16.5;6;11.5;0.6;0
04.311;Makrell, kaldrõkt;58;1005;18.8;51;0;0;18.2;21;4;0.7;0
04.312;Rogn, torsk, kokt;71;530;3.2;261;0;0;24.2;0;13.4;11.1;0
04.313;Akkar, innbakt, forfritert, stekt i soyaolje;50;1157;17.8;141;18;0.9;10.9;41;0.1;3.1;0
04.314;Lutefisk, kokt;87;210;0.4;50;0;0;11.5;0;1;1;0
04.316;Lever, torsk, kokt;25;2593;66.9;888;0;0;6.9;11988;111;22.2;0
04.317;ùrret, sjõõrret, kokt;70;547;3.9;59;0.1;0;23.6;13;10.6;0.8;0
04.318;Rogn, torsk, hermetisk, stekt i fett;62;816;10.2;316;0;0;25.8;122;17.8;7.1;0
04.319;Fiskepinner, forfritert, stekt i uspesifisert fett;53;1049;14.7;38;16.8;0.6;12.6;46;1.3;2.4;0
04.320;Sei filet, melpanert, stekt i uspesifisert fett;69;545;4.6;57;2.5;0.1;19.5;30;1.2;1.3;0
04.321;Brisling, i tomat, hermetisk;67;845;14.7;93;2.7;0;15;136;14.5;3;0
04.322;Brisling, i olje, hermetisk, avrent;59;1084;20.9;92;0;0;18.3;29;8.8;1.9;0
04.323;Fiskeburger, panert, med brõd, ost, saus, kjõpt;50;1015;11.3;22;24.2;2.8;9.6;15;0;1.4;0
05.001;Byggryn;14;1342;1.1;0;62.9;10.7;8.6;0;0;0.7;0
05.002;Byggmel;15;1278;1.1;0;60.6;7.6;8.6;0;0;0.7;0
05.003;Havregryn, lettkokte/store;6;1640;7.8;0;63.1;10.6;11.4;0;0;0.9;0
05.004;Havremel;10;1575;7;0;61.7;8.5;11.7;0;0;0.8;0
05.005;Hirse, hele korn;14;1456;2.9;0;66.6;3.2;11.2;0;0;0.1;0
05.006;Hvetemel, sammalt;13;1331;2.4;0;54.4;12;13;0;0;0.9;0
05.007;Hvetekim;15;1384;9.3;0;25.1;18.4;27.4;5;0;16;0
05.008;Hvetekli;15;1035;3.4;0;18.5;42;15.2;0;0;1.6;0
05.009;Hvete, helkorn;13;1331;2.4;0;54.4;12;13;0;0;0.9;0
05.010;Hvetemel, siktet;13;1494;1.5;0;71.6;3.4;11.4;0;0;0.8;0
05.012;Linfrõ, knuste;6;1842;31;0;0;34.8;24.5;0;0;0.7;0
05.013;Maismel, polenta;12;1293;1.2;0;63.3;5;7.8;9;0;1.1;0
05.015;Maisstivelse;12;1486;0;0;86.3;1.7;0.3;0;0;0;0
05.016;Pasta naturell, makaroni/spagetti o.l, tõrr;9;1471;1.3;0;69.8;4.2;11.9;0;0;0.1;0
05.020;Potetmel, potetstivelse;16;1398;0;0;80.6;1.4;1;0;0;0;0
05.021;Ris, upolert, naturris, langkornet, tõrr;10;1542;3;0;72.8;4.2;9.4;0;0;0;0
05.022;Ris, polert, parboiled, langkornet, tõrr;11;1473;1.2;0;75.7;1.4;7.7;0;0;0;0
05.023;Ris, grõtris, 1 times koketid, tõrr;11;1516;0.8;0;80.5;1.1;6.4;0;0;0;0
05.024;Ris, hurtigris, tõrr;9;1524;0.7;0;78.4;2.6;8.5;0;0;0;0
05.026;Rugmel, sammalt;14;1348;2.4;0;57.5;14.8;9.6;0;0;1;0
05.027;Rugmel, siktet;12;1448;1.8;0;70.2;8.6;7;0;0;0.2;0
05.029;Semulegryn, hvetegryn;15;1437;2;0;69;2.5;10;0;0;0.8;5
05.030;Sesamfrõ, med skall;4;2440;50;0;11.2;12.3;17.7;1;0;2.3;0
05.033;Corn flakes;4;1575;0.7;0;81.6;3.5;7.9;0;0;0;0
05.034;Kornblanding, 4-korn;13;1399;3.2;0;59.2;11.5;10.7;0;0;0.8;0
05.036;Puffet hvete, med sukker og honning, type Honni corn;3;1625;1.6;0;82.5;4.7;7.4;0;0;0.2;0
05.037;Puffet havre, Havrenõtter;3;1701;6.5;0;69.1;5.8;14.1;0;0;0.5;0
05.038;Puffet hvete, Hvetenõtter;3;1599;2.2;0;68.5;11.2;15.5;0;0;0.8;0
05.039;Puffet ris;6;1599;0.9;0;85.4;0.8;6.3;0;0;0.1;0
05.040;Brõd, 100% sammalt mel, vann;39;926;1.7;0;37.6;8.4;9.2;0;0;0.6;0
05.041;Brõd, 100% sammalt mel, sk melk;35;990;1.7;0;39.8;8.4;10.8;0;0;0.6;0
05.042;Brõd, 3/4 sammalt mel, vann;39;933;1.5;0;39.3;7;9;0;0;0.6;0
05.043;Brõd, 3/4 sammalt mel, sk melk;35;1001;1.6;0;41.5;7;10.6;0;0;0.6;0
05.044;Brõd, 2/3 sammalt mel, vann;39;937;1.5;0;39.8;6.5;9;0;0;0.6;0
05.045;Brõd, 2/3 sammalt mel, sk melk;35;1004;1.6;0;42;6.5;10.5;0;0;0.6;0
05.046;Brõd, 1/2 sammalt mel, vann;39;941;1.4;0;40.9;5.5;8.8;0;0;0.6;0
05.047;Brõd, 1/2 sammalt mel, sk melk;37;973;1.4;0;42;5.5;9.6;0;0;0.6;0
05.048;Brõd, 1/3 sammalt mel, vann;39;947;1.3;0;42;4.6;8.7;0;0;0.6;0
05.049;Brõd, 1/3 sammalt mel, sk melk;37;981;1.4;0;43.1;4.6;9.4;0;0;0.6;0
05.050;Brõd, 1/4 sammalt mel, vann;39;951;1.3;0;42.6;4.1;8.6;0;0;0.6;0
05.051;Brõd, 1/4 sammalt mel, sk melk;37;984;1.3;0;43.7;4.1;9.4;0;0;0.6;0
05.052;Loff, hvitt brõd, vann;39;1007;3;0;43.3;2.6;8.2;19;0.2;0.7;0
05.053;Loff, hvitt brõd, sk melk;35;1070;3;0;45.5;2.6;9.7;19;0.2;0.7;0
05.054;Grovbrõd ekstra grovt, 75% sammalt mel;35;1018;2.6;0;41.4;7.3;9.4;0;0;0.6;0
05.056;Kneippbrõd, grovt, 50% sammalt mel, kjõpt;34;1040;2.2;0;44.2;5.9;9.4;0;0;0.6;0
05.058;Helkornbrõd, 20% sammalt mel, kjõpt;34;1054;2.3;0;46;4;9.1;0;0;0.6;0
05.059;Husholdningsbrõd, finbrõd, kjõpt;31;1106;2;0;51.2;4.7;7.3;0;0;0.4;0
05.060;Loff, hvitt brõd, kjõpt;33;1093;2.9;7;46.9;3.6;9.4;0;0;0.5;0
05.061;Hamburgerbrõd, fint;34;1220;6.9;0;49.2;1.8;6.7;0;0;0.5;0
05.062;Pizzabunn, uten fyll;42;968;3.4;0;41.2;0.9;7.9;0;0;0.7;0
05.063;Põlsebrõd, fint;30;1291;7.3;3;51.4;1.8;7.8;5;0;0.5;0
05.064;Rundstykke fint, kjõpt;32;1110;3.4;0;47.4;2.9;9.1;0;0;0.6;0
05.065;Rundstykke, baguette, finbakstmel;35;1114;2.7;0;51.1;2;7.6;0;0;0.6;0
05.066;Rundstykke, mellomgrovt, sk melk;35;1099;5.3;1;41.7;3.8;9.6;41;0.4;0.9;0
05.067;Rundstykker grovt, sk melk;35;1086;5.4;0;39.9;5.2;9.8;42;0.4;0.9;0
05.068;Flatbrõd, kjõpt;3;1441;1.2;0;67.4;9.2;10.4;0;0;0.3;0
05.069;Knekkebrõd, lyst;5;1700;8.5;0;67.7;6;11;52;0;1;0
05.070;Knekkbrõd, rug, type Husman;6;1451;1.9;0;63.7;16;10;1;0;0.5;0
05.071;Klibrõd, med hvetekli;2;1303;3.2;0;38.5;37.1;13.7;0;0;1.5;0
05.073;Skonrokk, grov;6;1659;8.7;15;63.4;9;11;85;0;1.5;0
05.075;Smõrbrõdkjeks, fet, type Cream cracker;3;1755;16.4;0;54.6;3.5;11.3;0;0;3.1;0
05.076;Smõrbrõdkjeks, mager, usõtet, type Frokost;3;1603;1.6;0;75.4;3.8;13.6;0;0;0.2;0
05.077;Smõrbrõdkjeks, grov, type Kornmo;4;1730;12.2;5;63.5;6.4;8.7;6;0;1.5;0
05.078;Kjeks sõt, kremfyll;3;2014;21.2;0;65.3;2.4;5.9;3;0;2.4;0
05.079;Kjeks sõt, type Mariekjeks;1;1879;12.8;1;74;3.1;7.2;4;0;1.4;0
05.080;Kjeks sõt, type Gjende;3;1941;18.6;0;65.4;3.6;6.6;0;0;2.3;0
05.081;Kakelefse, tykklefse, uten fyll;26;1423;11.4;4;51.6;1.7;6.5;9;0;0.4;1
05.082;Kakelefse, tykklefse, pÜsmurt, kjõpt;27;1558;19.9;0;41.5;2.4;5.7;155;2;2.9;0
05.084;Lompe, potetlefse, potetlompe, kjõpt;46;812;0.7;0;39.3;3.5;5.3;0;0;0.1;0
05.085;Vafler med egg, helmelk;54;913;9.8;69;24.8;1;7.1;116;0.8;1.4;1
05.086;Vafler med flõte/rõmme, uten egg;51;1094;16.1;46;23.5;1.3;5.2;188;0.1;0.6;1
05.087;Delfiakake;19;2106;42.9;52;24.9;1.9;4.7;50;0.2;1;0
05.088;Formkake med mindre fett;29;1325;10;3;48.8;1.6;6.6;93;0.9;1.1;1
05.089;Formkake, med epler;48;1099;13.7;63;30.1;1.8;3.9;163;1.4;2;4
05.090;Formkake, marmor;27;1527;18.1;81;42.6;1.5;7.1;207;1.7;2.4;1
05.091;Formkake, fet, dansk sandkake;24;1738;23.7;90;45.4;0.7;4.9;274;2.4;2.6;0
05.093;Fyrstekake med epler;35;1344;14.1;25;42.7;1.9;4.8;147;1.4;1.7;3
05.094;Fyrstekake med mandler;17;1785;22.3;49;47;2.2;8.4;149;1.3;5.9;1
05.095;Hveteboller, med helmelk;28;1349;11.1;6;45.9;2.3;8.2;101;0.9;1.2;2
05.096;Hvetekake;33;1162;6.4;7;44.4;2.4;8.9;52;0.4;0.8;2
05.097;Julekake;27;1333;9.4;5;49.7;2.7;7;85;0.7;1;1
05.098;Kokosmakroner;15;1909;28.5;0;42;5.6;5.6;0;0;0.3;0
05.099;Kransekake;6;2030;25;0;52.8;3.4;10.6;0;0;11.1;0
05.100;Hvetekringle, gjërdeig, med tõrket frukt;25;1368;9.8;18;50.6;2.6;7.3;96;0.8;1.2;1
05.102;Napoleonskake;46;1287;19.7;63;27.2;0.7;5.3;248;1.5;1.9;1
05.103;Nõttebunn;25;1694;24.2;140;36.8;2.1;9.2;96;0.5;8.6;0
05.104;Rullekake, med syltetõy;34;1141;3.6;125;52.2;1.5;6.4;96;0.4;1.9;15
05.105;Rullekake, med smõrkrem av margarin;24;1651;19.9;162;47.1;0.6;6.4;285;2.1;3;1
05.106;Serinakaker;14;1879;24.1;55;49.8;1.9;7.4;246;2.2;3.3;1
05.107;Sirupskake;32;1119;2.3;6;53.2;2.2;6.6;13;0;0.4;1
05.108;Sjokoladekake, med glasur;26;1527;16.5;42;47.2;2.1;5.7;158;1.2;1.7;1
05.109;Skolebrõd, med melisglasur, eggekrem, kokos, kjõpt;32;1183;8.2;0;44.6;2.4;6;13;0;0.8;0
05.110;Smultringer;20;1936;31.6;60;38.5;1.3;6;119;0.2;0.8;1
05.111;Sukkerbrõd;33;1200;5.7;206;47.6;1;10.1;140;0.7;2.6;1
05.112;Blõtkake med krem, syltetõy;44;1307;19.3;134;29.4;0.8;5.1;291;0.4;1.6;6
05.113;Sukkerbrõd, med eggekrem, bër, gele;71;448;4.4;58;13;0.6;3.5;68;0.2;0.8;14
05.115;Terte, uten fyll;16;2147;40.4;0;31.6;1.8;5.9;400;4;3.7;1
05.117;Võrterkake;28;1165;1.6;2;55.7;4.4;7.3;5;0;0.3;0
05.118;Wienerbrõd med eggekrem;27;1691;25.8;56;35.9;1.7;6.6;241;2.2;3.4;1
05.120;Finbakstmel;15;1463;2;0;70.5;2.5;10;0;0;0.8;0
05.121;Grovbakstmel, 40% sammalt;14;1365;2;0;60.8;7.5;11.6;0;0;0.9;0
05.122;Havrekli;10;1519;7.5;0;54.6;13;12.3;0;0;7.5;0
05.125;Ris polert, parboiled, langkornet, kokt;72;430;0.3;0;21.6;1.4;2.4;0;0;0;0
05.126;Solsikkefrõ;5;2387;49.6;0;7.2;10.5;20.3;3;0;28.1;1
05.127;Havregrõt, med vann;89;178;0.8;0;6.9;1.1;1.3;0;0;0.1;0
05.128;Risgrõt, med lettmelk;83;305;1.1;5;12.1;0.3;3.3;9;0;0;0
05.129;Brõd, grovbakst, 40% sammalt mel;36;1010;2.6;0;42.8;5.4;8.4;0;0;0.6;0
05.130;Pasta naturell, makaroni/spagetti o.l, kokt;63;632;2.5;0;26.5;1.6;4.5;0;0;0.3;0
05.131;Eplepai;57;910;11.7;0;24.4;2.3;2.6;115;1.1;1.3;4
05.132;Bokhvete, mel, lyst;13;1407;2;0;70.4;1.9;7.1;0;0;0.3;0
05.133;Pannekaker, med lettmelk, stekt i myk margarin;61;763;5.3;55;25.1;0.9;7.8;72;0.5;1;1
05.134;Peppernõtter;7;1905;21.4;17;57.7;2.1;6.8;68;0;0.5;2
05.135;Kjeks sõt, vaffel, fylt;2;2201;30.4;0;58.1;1.5;4.5;0;0;0.6;0
05.136;Havre ristet, med frukt, olje, type CrÅsli;4;1829;14.2;0;66.5;5.9;7.4;0;0;0.4;0
05.139;Marengs;3;1649;0;0;92.4;0;4.6;0;0;0;0
05.140;Havremakroner, kjõpt;10;1739;15;102;58.4;3.1;9.8;167;1.3;2.4;0
05.142;Knekkebrõd, med havre;7;1537;5.3;0;61;10.3;13;52;0;0.5;0
05.143;Knekkebrõd, ekstra fiber;6;1459;8;0;43.2;26;13;0;0;1.5;0
05.144;Flatbrõd, med havre, kjõpt;4;1349;4.2;0;50.9;11.5;13.9;0;0;0.5;0
05.146;Flatbrõd, hjemmebakt type, kjõpt;3;1451;1.6;0;65.5;12.2;10.6;0;0;0.5;0
05.147;Sesamfrõ, uten skall;5;2601;55;0;4.5;4.9;26.5;4;0;2.3;0
05.148;Knekkebrõd, rug, grovt;7;1425;1.9;0;62;16.3;10;1;0;0.8;0
05.149;Kjeks sõt, havre og sjokolade;3;2048;24.2;4;58.6;4.2;7.2;0;0;2.3;0
05.150;Kjeks sõt, barnekjeks med sjokolade;3;2022;21.3;0;64.6;2.1;7;14;0;1.3;0
05.151;Kjeks sõt, barnekjeks;3;1853;12.5;0;74.8;2.3;5.9;0;0;2.1;0
05.152;Smõrbrõdkjeks, type Kaptein;4;1570;6.4;0;61.1;5.4;14.8;0;0;0.9;0
05.153;Kjeks sõt, sjokoladebiter, nõtter, Cookies, smÜ;3;2056;25.3;0;59.1;2.3;5.7;0;0;2.9;0
05.154;Smõrbrõdkjeks, salt, fet, type Ritz, Seltiner;3;1952;23.4;0;53.5;3.8;8.6;0;0;2.4;0
05.156;Hveteflak ristet, med hvetekli, type All-bran Regular;4;1523;2.8;0;66;14.7;10.6;0;0;0.9;0
05.158;Frokostkorn, sjokoladesmak;4;1636;2;0;83;3.4;7.3;1;0;0.2;0
05.162;Mesterbrõd, kjõpt;34;1067;2.9;0;45.3;5.4;8.6;0;0;0.6;0
05.163;Birkebeinerbrõd, kjõpt;36;1015;2.8;0;42.4;6.2;8.3;0;0;0.5;0
05.164;Norsk fjellbrõd, kjõpt;36;993;2.9;0;39.9;6.1;9.3;0;0;0.6;0
05.165;Kneippbrõd, Bakers;37;1014;2.8;0;43;5.6;7.9;0;0;0.5;0
05.170;Squashfrõ, gresskarfrõ;7;2312;45.8;0;12.7;3.9;21.8;19;0;26;0
05.180;Vannbakkels, uten fyll;35;1652;30.5;194;20.2;1.1;10.1;386;3.2;4.6;1
05.182;Chapatti brõd, sammalt mel;35;994;1.8;0;40.6;9;9.7;0;0;0.7;0
05.183;Grovbrõd, halvstekt type, stekt;37;950;1.5;0;41;6.2;8.7;0;0;0.7;0
05.184;Pumpernikkel, fullkornbrõd, kjõpt;40;859;1.6;0;37;9.9;5.4;10;0;0.3;0
05.185;Landbrõd, halvstekt type, stekt;36;1017;1.6;0;45;5.2;8.9;0;0;0.5;0
05.186;Loff, hvitt brõd, halvstekt type, stekt;34;1097;1.6;4;50.2;3.7;9.1;0;0;0.5;0
05.187;Skillingsbolle, kanelsnurr;24;1414;11;2;50.2;2.2;8;101;1;1.2;2
05.188;Pitabrõd, fint, kjõpt;41;922;1.1;0;42.7;3.1;7.7;0;0;0.5;0
05.189;Knekkebrõd, rug, tynt, type Rugsprõ, Finncrisp;5;1457;1.7;0;63.6;15.7;11;1;0;0.8;0
05.190;Knekkebrõd, glutenfritt;7;1604;6.5;0;71.1;6.6;6;52;0;0.6;0
05.192;Kavring, sõt, sukkerkavring;5;1675;11;15;57.5;6.5;14;85;0;1.6;0
05.193;Riskaker, lettsaltet;5;1609;3;0;78;4.5;8;1;0;1;0
05.194;Riskaker, usaltet;5;1609;3;0;78;4.5;8;1;0;1;0
05.195;Tacoskjell, maisskjell;7;2035;25.2;0;56;5.2;6.4;0;0;2.1;0
05.196;Tortilla, hvetelefse, fint;27;1247;7.1;0;48.3;2.5;8.4;0;0;1.1;0
05.197;Kjeks sõt, grov, type Digestive;3;1972;20.3;0;62.9;3.6;7.2;0;0;3.7;0
05.198;Pepperkaker;2;1923;15.9;15;72.5;1.5;5.3;124;1;1.5;0
05.199;Berlinerbolle, kjõpt;31;1356;13.6;20;42.8;2.2;6.3;31;0;1.3;1
05.200;Blõtkake med krem, syltetõy, marsipanlokk;37;1532;25.2;92;29.1;1.9;5.3;256;0.2;3.4;4
05.201;Sjokoladekake, uten glasur;29;1497;18.2;56;40.7;2;6.8;193;1.7;2.1;1
05.202;Hveteboller, med lettmelk;29;1317;10.2;3;45.9;2.3;8.3;93;0.9;1.1;2
05.203;Mazarin, kjõpt;13;1909;22.5;19;57.7;0.3;5.5;127;1.8;1;0
05.205;Ostekake, med kjeksbunn;49;1194;18.6;35;24.8;1;4.5;192;0.7;1;0
05.206;Rundstykke fint, sk melk;35;1103;5.2;0;43;2.5;9.4;42;0.4;0.8;0
05.207;Hveteboller med rosiner, kjõpt;29;1170;5.7;0;46.6;3.9;8;34;0;1.1;0
05.208;Nõttekake, myk;21;1746;24.3;109;39.3;2.4;9.4;76;0.4;8.4;0
05.210;Gulrotkake;37;1187;9.4;60;42.3;1.8;6.2;207;0.8;2.1;0
05.211;Baguette fin, halvstekt type, stekt;34;1100;1.4;0;50.6;2.5;9.9;0;0;0.3;0
05.212;Ris polert, langkornet, tõrr;13;1457;0.7;0;75.9;1;7.8;0;0;0;0
05.215;Rundstykke grovt, halvstekt type, stekt;29;1219;5.3;0;48.7;6.5;8.4;0;0;1.3;0
05.216;Rundstykke fint, halvstekt type, stekt;33;1153;3.8;0;48.3;3.5;9.6;0;0;0.3;0
05.217;Hveteboller uten rosiner, kjõpt;26;1337;6.3;0;54.8;3.1;8.7;38;0;1.2;0
05.218;Pannekaker, med sk melk, stekt uten fett;63;651;1.8;52;25.8;1;8.1;36;0.2;0.8;1
05.221;Kjeks sõt, havre, type Bixit;3;1919;19.1;4;60.9;5.7;7.7;0;0;2.3;0
05.222;Nudler uten egg, tõrr;11;1658;6.2;0;68.8;5.2;12.8;0;0;0;0
05.223;Rismel, risstivelse;11;1527;1.3;0;79.3;0.8;7.3;0;0;0;0
05.224;Sorghum;11;1521;3.3;0;69.8;3.2;11;0;0;0.8;0
05.225;Couscous, tõrr;9;1361;0.6;0;63.6;5;12.8;0;0;0.1;0
05.226;Pasta naturell, fersk, rÜ;30;1243;1.9;0;56.3;3.6;11;0;0;0.7;0
05.227;Pasta grõnn, fersk, rÜ;30;1229;2.3;0;54.2;2.9;11.7;0;0;0.9;0
05.229;Pasta naturell, fersk, kokt;70;547;4;45;18.2;1;4.8;31;0.2;1;1
05.231;Bokhvete, hele korn;14;1350;2;0;60.4;5.8;11.9;1;0;0.1;0
05.233;Bulgurgryn, tõrr;9;1393;2.3;0;62.5;7.7;10.8;0;0;1.4;0
05.235;Kornblanding, med frukt, nõtter el. frõ, MÅsli;10;1560;9.5;0;56.9;8.9;10;0;0;2.3;0
05.236;Kornblanding, med frukt, MÅsli;9;1448;4.6;0;62.9;7.3;8.8;0;0;0.5;0
05.237;Havreputer, type Havrefras;4;1577;6.4;0;63;10;11.1;0;0;0.6;0
05.238;Kornblanding, MÅsli med frukt, nõtter, sõtet;8;1585;5.9;0;66;6.8;11.2;0;0;1.5;0
05.239;Corn flakes, sõt, type Frosties;4;1598;0.9;0;86;1.8;5.2;0;0;0;0
05.240;Frokostkorn, ristet hvete og ris, type Spesial K;5;1631;1.7;0;75;3.3;15.7;0;0;0.3;0
05.241;Hvetekli ristet, type All-Bran plus;3;1425;4.6;0;47.4;27.8;13.3;0;0;2.3;0
05.242;Hveteflak ristet, med kli og frukt;5;1469;2;0;66;15;9;0;0;0.8;0
05.243;Nudler hvete, uten egg, kokt;65;725;4.3;0;27.7;1.9;4.7;0;0;0.5;0
05.244;Hvetebrikker, type Weetabix;6;1528;2.5;0;67.4;10.5;12.1;0;0;0.8;0
05.245;Grõt, risgrõt, med helmelk;81;364;2.8;7;11.9;0.3;3.3;23;0;0.1;0
05.246;Pannekaker, med helmelk, stekt i hard margarin;57;848;7.7;58;24.9;0.9;7.8;89;0.5;1.2;1
05.247;Vafler med egg, lettmelk;56;863;8.4;64;24.9;1;7.1;105;0.8;1.4;1
05.248;Tortilla, maislefse;28;1258;7.6;0;46.2;3.9;9.4;0;0;1;0
05.249;Glutenfritt mel, brõd og kakemiks, Toro;5;1486;1.1;0;84;0;1;0;0;0;0
05.250;Glutenfritt mel, lyst, Toro;5;1604;3;0;85;1.8;2;0;0;0.3;0
05.251;Glutenfritt mel, grovt, Toro;5;1429;2.5;0;72.5;5.5;3.5;0;0;0;0
05.252;Couscous, kokt;58;774;5;0;28.6;2;5.1;7;0.1;0.5;0
05.253;Pasta grõnn, fersk, kokt;68;585;4.2;47;19.3;1.2;5.4;51;0.2;1.2;2
05.254;Ris, hurtigris, kokt;77;390;0.1;0;20.8;0.2;1.8;0;0;0;0
05.255;Ris upolert, naturris, langkornet, kokt;73;421;0.7;0;19.5;2.6;2.5;0;0;0.2;0
05.258;Pannekaker, med lettmelk, stekt i hard margarin;60;774;5.6;55;25.1;0.9;7.8;72;0.5;1.1;1
05.262;Glutenfritt brõd, fint, vann;50;828;1.5;0;43.5;1.1;1.4;0;0;0.2;0
05.263;Glutenfritt brõd, grovt, vann;50;744;1.4;0;37.1;3;2.2;0;0;0;0
05.264;Glutenfritt brõd, fint, lettmelk;46;912;2;2;46.3;1.1;2.5;4;0;0.2;0
05.265;Glutenfritt brõd, grovt, lettmelk;46;829;1.8;2;40.3;2.9;3.2;4;0;0;0
05.266;Glutenfrie boller, med lettmelk;34;1168;7.8;24;48.3;0.3;3.3;82;0.7;0.8;0
05.268;Muffins, med sjokoladebiter, kjõpt;20;1677;22;70;43.8;1.4;6.3;18;0;6.8;0
05.270;Vafler med egg, sk melk;56;837;7.7;60;24.9;1;7.1;98;0.8;1.4;1
05.271;Rundstykke, grovt, kjõpt;27;1232;3.5;9;52.2;4.6;10.5;0;0;0.6;0
05.272;Rugbrõd, fint, kjõpt;35;1047;2.6;6;45.7;5;7.9;0;0;0.4;0
05.273;Rugbrõd, grovt, kjõpt;36;993;3.4;8;38.7;7.4;8.8;0;0;0.6;0
05.274;Kneippbrõd, kjõpt;36;987;2.2;4;42.6;4.4;8.6;0;0;0.5;0
05.278;Grovbrõd, med sirup, kjõpt;36;968;2.4;5;41.4;4.1;8.4;0;0;0.6;0
05.279;Grovbrõd, uten sirup, kjõpt;38;991;2.5;4;41.2;6.3;8.7;0;0;0.5;0
05.280;Frokostbrõd fint, kjõpt;29;1268;6.4;21;47.5;5.6;10.5;0;0;1;0
05.281;Frokostbrõd grovt, kjõpt;30;1193;5.1;7;45;6.3;11.1;0;0;1.1;0
05.282;Pannekaker, med sk melk, stekt i hard margarin;61;733;4.5;51;25.1;0.9;7.8;63;0.5;1.1;1
05.283;Loff, hvitt brõd, spiral, kjõpt;34;1117;3.3;8;47.5;3.9;9.2;0;0;0.6;0
05.284;Loff, hvitt brõd, formstekt, kjõpt;34;1084;2.9;7;46.6;3.1;9.4;0;0;0.5;0
05.285;Bulgurgryn, kokt;59;743;4.7;0;27.7;3.1;4.3;0;0;0.9;0
05.286;Hveteboller, med sk melk;29;1297;9.6;0;46;2.3;8.3;88;0.9;1.1;2
05.287;Wienerkringle med mandelfyll;26;1583;21.6;14;39;2.8;5.8;104;1.5;4.2;0
05.288;Vafler med egg, lettmelk, uten fett;54;783;2.9;62;30.9;1.4;8.2;47;0.2;1;1
05.289;Ris polert, langkornet, kokt;69;512;0.2;0;26.4;0.8;2.9;0;0;0;0
05.290;Firkornbrõd, kjõpt;32;1057;4.8;0;40.4;3.9;9.5;0;0;1.4;0
05.291;Eggekrem, vaniljekrem;74;541;5.4;120;12.7;0.2;7.3;96;0.4;1.4;0
05.292;Sjokoladeglasur;17;1600;11.8;3;64.8;2.2;2.6;3;0;0.3;0
05.293;Smõrkrem, med smõr;11;2309;40.4;202;46.2;0;1.7;571;4.5;1.2;0
05.294;Smõrkrem, med hard margarin;11;2262;39.5;101;45.7;0;1.4;463;4;3.6;0
05.295;Vaniljekrem, med helmelk;75;486;3.6;15;17.8;0.1;2.9;31;0;0.1;0
05.299;Melisglasur;15;1358;0;0;79.9;0;0;0;0;0;1
05.300;Rundstykke fint, vann;39;1044;5.2;0;40.9;2.5;8;41;0.4;0.8;0
05.301;Rundstykke grovt, vann;39;1029;5.4;0;38;5.2;8.3;41;0.4;0.9;0
05.302;Rundstykke mellomgrovt, vann;39;1031;5.3;-0;39.2;3.8;8.1;41;0.4;0.9;0
05.303;Fiberbrõd, Fiberbakst, kjõpt;34;1039;3.2;5;41.2;6.1;10.1;0;0;1;0
05.304;Ris, hurtigris, 1% salt, tõrr;10;1483;0.2;0;78.2;1.5;7.9;0;0;0;0
05.305;Ris polert, Basmatiris, tõrr;12;1503;1;0;76.8;0.5;9.2;0;0;0;0
05.306;Ris polert, Jasminris, tõrr;13;1505;0.7;0;79.5;0;7.5;0;0;0;0
05.307;Ris grõtris, 5-25 min koketid, tõrr;10;1501;0.6;0;80;1.2;6.4;0;0;0;0
05.308;Kjeks sõt, fylt med syltetõy el. frukt;12;1628;9.8;0;68.9;2;4.6;15;0;0.8;0
05.309;Kjeks sõt, havre, type SIBAS;5;1909;18.5;0;62.2;3.7;8.1;100;1.5;3.1;0
05.310;Kjeks sõt, havreflarn;3;2033;22.4;0;64;2.6;5.6;22;0;3.8;0
05.311;Kjeks sõt,  sjokoladebiter, Cookies, store;9;1765;16.4;24;60.7;2.8;6.1;8;0;1.5;0
05.312;Croissant uten fyll, kjõpt;22;1690;21.4;33;43.7;1.3;8.5;93;0;1.5;0
05.313;Kakelefse, Vestlandslefsa, ferdig smurt, kjõpt;30;1454;17.2;0;41.4;1.9;5.8;108;1.7;2.9;0
05.314;Skillingsbolle, kanelsnurr med sukkerstrõ, kjõpt;25;1233;5.2;0;51.8;2.2;8.4;17;0;0.8;0
05.315;Skillingsbolle med vaniljekrem, melisglasur, kjõpt;39;1104;5.2;0;46;2;6.7;10;0;0.8;0
05.316;Wienerbrõd med syltetõy, kjõpt;34;1446;17.9;0;37.9;2.8;6.9;127;2;3.5;5
05.317;Brownies med sjokoladeglasur, kjõpt;15;1761;20.2;40;54.2;3;4;3;0;3.1;0
05.318;Donuts med sjokoladeglasur, kjõpt;18;2066;37.3;8;33.3;1.8;6.2;6;2.5;4.4;0
05.319;Formkake med glasur, kjõpt;23;1659;18.2;38;52.7;1.2;4.7;15;0;6;0
05.320;Formkake uten glasur, kjõpt;18;1699;20;57;51.6;1.5;4.1;7;0;6;0
05.321;Gulrotkake med ostekrem, kjõpt;31;1391;12.4;21;50.3;1.6;3.8;51;0;2.7;0
05.322;Muffins med blÜbër, kjõpt;25;1584;20.5;74;42.3;1.6;5.5;25;2;5.6;0
05.323;Rullekake, med smõrkrem, kjõpt;21;1603;17;30;51.6;1.9;4.8;55;0;2.4;0
05.324;Sjokoladekake, med glasur, kjõpt;17;1753;21.6;46;50;2.3;5;11;1;5.4;0
05.325;Pasta, fersk med kjõtt, Tortellini, rÜ;31;1230;4.6;61;47.1;3.5;13.6;16;0;0.8;0
05.326;Pasta, fersk med kjõtt og ost, Tortellini, rÜ;35;1191;4.1;27;48.8;2.8;11;22;0;2.2;0
05.327;Pasta, fersk med ost, Ravioli, rÜ;29;1354;7.4;48;48.4;4.1;13.2;45;0;1.4;0
05.328;Smõrbrõdkjeks, type Start;4;1651;5.1;0;75;3.4;9.4;3;0;0.7;0
06.001;Potet, tidligpotet, rÜ;80;228;0.1;0;11.2;1.1;1.5;0;0;0.2;17
06.003;Potet, hõstpotet, rÜ;78;306;0.1;0;15.3;1.6;1.7;0;0;0.2;13
06.004;Potet, lagringspotet, rÜ;77;333;0.1;0;16.6;2;1.8;0;0;0.1;14
06.005;Potet, hermetisk, avrent;83;301;0.1;0;15.1;2.3;1.3;0;0;0.1;5
06.006;Pommes frites, fryst;66;641;5.2;0;22;4.6;2.2;0;0;0.5;10
06.007;Potetchips;1;2226;31.8;0;54.7;3.4;5.4;0;0;4.1;27
06.008;Potetmos, av pulver med melk;80;404;3.5;0;13.6;1.2;2;0;0.3;0.1;7
06.009;Potetskruer, potetringer;1;1935;19;0;61;13.7;5;0;0;0.1;10
06.010;Agurk, norsk, rÜ;96;44;0.1;0;1.2;0.8;0.8;7;0;0.1;8
06.011;Artiskokk, rÜ;85;113;0.2;0;1.3;4.5;2.8;8;0;0.4;2
06.012;Asparges, rÜ;92;94;0.2;0;1.3;1.5;3.1;27;0;2;33
06.014;Asparges, hermetisk, avrent;94;101;0.2;0;1.7;1.5;3.1;29;0;2;33
06.015;Aubergine, rÜ;93;95;0.5;0;2.2;2.3;1.2;6;0;0;4
06.016;BlomkÜl, buketter, norsk, rÜ;92;97;0.2;0;2.3;2.3;1.9;4;0;0.3;58
06.018;Brokkoli, med stilk, norsk, rÜ;90;119;0.3;0;1.9;2.7;3.2;30;0;0.5;70
06.023;Bõnner, brune, tõrre;11;1319;1.5;0;44.6;16.4;22;2;0;0.3;0
06.024;Bõnner, hvite, i tomatsaus, hermetisk;73;400;0.6;0;14.3;6.6;4.8;6;0;0.4;0
06.027;Erter, fryst;78;283;0.4;0;8;5.5;5.2;33;0;0;23
06.028;Erter, grõnne, hermetisk, avrent;82;260;0.4;0;7.7;4.9;4.4;33;0;0;10
06.029;Erter, gule, tõrre;9;1215;2.1;0;41.4;7.4;22;1;0;0.1;1
06.030;Erter, tõrkede, hermetisk, avrent;70;452;0.5;0;16.2;5.1;6.9;5;0;0.3;0
06.031;Sukkererter, norsk, rÜ;86;177;0.1;0;5.3;2.9;3.5;12;0;0.3;46
06.032;Endivesalat, rÜ;95;55;0.1;0;1;2.2;1;4;0;0.1;4
06.033;Gresskar, rÜ;92;54;0.1;0;1.7;0.5;1;258;0;1.1;9
06.034;Gresslõk, rÜ;90;108;0.4;0;1.3;3.1;2.7;309;0;3.7;23
06.035;GrõnnkÜl, rÜ;85;150;0.7;0;2.2;3.8;3.3;446;0;5.4;120
06.036;Gulrot, norsk, rÜ;89;151;0.1;0;6.7;2.7;0.7;438;0;0.6;4
06.037;HodekÜl, rÜ;90;137;0.1;0;5.2;2.6;1.4;1;0;0.2;54
06.038;Hvitlõk, rÜ;64;486;0.6;0;18.6;1.7;7.9;0;0;0;17
06.039;Kastanjer, ristede;41;821;2.2;0;36.6;7.9;3.2;1;0;0.5;26
06.040;KinakÜl, norsk, rÜ;95;63;0.1;0;1.8;1.2;1.1;6;0;0.4;22
06.041;KÜlrot, kÜlrabi, norsk, rÜ;89;149;0.1;0;6.4;2.7;0.9;12;0;0.1;35
06.042;Lõk, norsk, rÜ;88;135;0.1;0;5.7;2;1.1;0;0;0.2;6
06.044;Mais, norsk, rÜ;77;357;1.7;0;12.6;3.2;3.2;5;0;0.2;4
06.046;Neper, norsk, rÜ;91;115;0.1;0;4.7;2;0.9;2;0;0.1;31
06.047;Paprika, grõnn, rÜ;93;88;0.3;0;2.8;2;0.8;22;0;0.8;120
06.048;Paprika, rõd, rÜ;90;127;0.4;0;4.7;1.9;1;320;0;0.9;140
06.049;Pastinakk, rÜ;79;277;1.1;0;10;4.5;1.8;3;0;1;17
06.050;Persille, norsk, rÜ;85;135;0.4;0;1.6;5;3.1;467;0;2.6;108
06.051;Persillerot, norsk, rÜ;84;195;0.3;0;7.3;3.8;1.7;1;0;1.1;52
06.052;Purrelõk, norsk, rÜ;87;118;0.2;0;3.6;2.8;1.6;34;0;0.8;16
06.053;Rabarbra, rÜ;94;65;0.2;0;0.7;3.8;0.9;5;0;0.4;13
06.054;Reddik, norsk, rÜ;94;69;0.1;0;2.5;1.3;0.7;1;0;0.1;21
06.055;RosenkÜl, norsk, rÜ;82;221;0.6;0;4.4;4.6;5.1;18;0;0.3;113
06.056;RosenkÜl, fryst;86;182;0.4;0;4.3;3.7;3.8;17;0;0.5;117
06.057;Rõdbete, norsk, rÜ;86;206;0.2;0;8.9;2.5;1.6;0;0;0.1;2
06.058;Bladsalat, norsk, rÜ;96;44;0.1;0;0.7;1;1.2;78;0;0.6;3
06.059;Isbergsalat, issalat, norsk, rÜ;96;52;0.1;0;1.5;1.1;0.8;19;0;0.2;4
06.060;Sellerirot, norsk, rÜ;87;114;0.3;0;2.8;3.5;1.6;0;0;0.5;15
06.061;Sikorisalat, rÜ;94;64;0.6;0;0.9;2.2;0.5;10;0;0.1;5
06.062;Sopp, norsk,  rÜ;90;92;0.3;0;0.3;1.8;3.6;0;0;0.4;0
06.063;Sopp, sjampinjong hermetisk, avrent;93;92;0.5;0;0.7;2.4;2.5;0;0;0;2
06.064;Spinat, rÜ;92;88;0.6;0;0.4;1.9;2.6;275;0;1.7;54
06.065;Spinat, fryst, rÜ;93;79;0.5;0;0.5;2;2.1;267;0;1.7;24
06.067;SpisskÜl, rÜ;92;77;0.3;0;0.9;1.9;2.1;2;0;0.2;66
06.068;Stilkselleri, stangselleri, norsk, rÜ;92;65;0.1;0;1.3;2.5;1.1;46;0;0.6;13
06.069;Tomat, norsk, rÜ;94;74;0.2;0;2.5;1.5;0.7;67;0;0.7;17
06.070;Tomat, hermetisk;94;83;0.2;0;3;0.9;1;18;0;0.7;12
06.071;Tomatjuice;94;76;0;0;3;1.4;0.8;16;0;0.2;8
06.072;BlomkÜl, erter, gulrot, fryst;88;166;0.4;0;4.8;3.2;2.6;251;0;0.3;23
06.073;Erter, gulrot, fryst;85;202;0.4;0;6.1;4;3;375;0;0.4;13
06.074;Erter, gulrot, mais, fryst;81;287;0.6;0;11;3.3;3;251;0;0.3;12
06.075;BlomkÜl, bõnner, erter, gulrot, fryst;88;151;0.3;0;4.3;3.3;2.4;191;0;0.3;20
06.076;Agurker, syltede;83;156;0.7;0;6.1;1.8;0.7;15;0;0.2;0
06.077;Rõdbeter, syltede;82;274;0.1;0;13.6;2.6;1.1;1;0;0.1;5
06.078;SurkÜl, kjõpt;86;124;0;0;5.1;1.7;1.4;2;0;0;10
06.079;Ketchup, tomatketchup;70;455;0.4;0;23.5;1.2;1.8;19;0;1.5;15
06.080;TomatpurÇ;72;332;0.2;0;12.9;3.6;4.5;105;0;2.3;4
06.082;Potetchips, mindre fett;5;1917;18;0;63;14;4;0;0;0.1;10
06.083;Soyabõnner, tõrre;10;1677;17.7;0;18.9;15.3;34;4;0;0.8;0
06.084;Bõnner, hvite, tõrre;11;1263;1.6;0;41.4;15.8;22;1;0;0.3;0
06.085;Squash, Zucchini, rÜ;94;80;0.2;0;2;1;1.8;51;0;0.1;21
06.086;KnutekÜl, rÜ;91;98;0.1;0;3;1.8;1.7;2;0;0.2;62
06.087;Soyamel;7;1980;23.5;0;23.5;10.7;36.8;6;0;0.5;0
06.088;Paprika, gul, rÜ;91;113;0.2;0;3.6;3;1.2;15;0;0.8;130
06.089;Bõnner, mung, tõrre;11;1209;1.1;0;38.3;13.9;23.9;2;0;0.3;0
06.090;Bõnner, rõde, tõrre;11;1163;1.4;0;36.7;14;22.1;1;0;0.3;4
06.091;Erter, kikerter, tõrre;10;1384;5.4;0;42;13.5;21.3;3;0;0.3;0
06.092;Mangold, sõlvbete, rÜ;93;94;0.2;0;2.9;0.8;1.8;165;0;1.5;30
06.093;RõdkÜl, rÜ;91;107;0.2;0;3.4;2;1.5;1;0;0.1;60
06.095;Potet, lagringspotet, kokt uten skall, saltet vann;75;307;0.1;0;15.2;1.6;1.9;0;0;0.1;11
06.096;Potet, lagringspotet, kokt med skall;76;340;0.1;0;17.1;1.6;1.9;0;0;0.1;13
06.097;Rapidsalat, norsk, rÜ;95;48;0.2;0;0.3;1.4;1.4;172;0;0.7;4
06.098;Bõnner, grõnne, rÜ;91;114;0.1;0;3.4;3;1.7;9;0;0.1;7
06.501;Bjõrnebër, rÜ;86;180;0.4;0;6.4;5.6;0.7;8;0;0.6;15
06.502;BlÜbër, rÜ;83;215;0.9;0;7.5;4.6;1;4;0;2;12
06.503;Bringebër, rÜ;87;122;0.4;0;3.2;4.3;1.1;1;0;1.7;17
06.504;Jordbër, rÜ;88;144;0.2;0;6.6;2;0.5;1;0;0.7;69
06.505;Jordbër,  250 g sukker pr. kg bër, fryst;71;457;0.2;0;25.3;1.6;0.4;1;0;0.6;55
06.506;Kirsebër, rÜ;83;174;0;0;9;1.1;0.7;64;0;0.6;4
06.507;Moreller, rÜ;83;222;0.1;0;11.3;1.3;0.9;6;0;0.3;9
06.508;Molter, rÜ;84;191;1.1;0;4.4;6;1.6;12;0;3.2;95
06.509;Molter,  250 g sukker pr. kg bër, fryst;67;493;0.9;0;23.5;4.8;1.3;9;0;2.6;76
06.511;Nypesuppe, pulver;2;1266;0.2;0;71;5;0.7;48;0;0;190
06.512;Rips, rÜ;81;223;1.2;0;6.9;5.1;1.2;2;0;1;27
06.513;Solbër, rÜ;79;230;1;0;7.6;5.2;1.3;8;0;2;159
06.514;Stikkelsbër, rÜ;89;155;0.6;0;5.4;3.4;0.8;7;0;0.4;32
06.515;Tyttebër, rÜ;83;183;0.6;0;7;3.7;0.7;1;0;1.5;8
06.516;Tyttebër, 500 g sukker pr.kg bër, fryst;56;688;0.4;0;37.9;2.5;0.5;1;0;1;5
06.517;Ananas, rÜ;87;197;0.2;0;10.1;1.4;0.4;1;0;0.1;12
06.518;Ananas, hermetisk, med egen saft;87;219;0;0;12.2;0.8;0.3;1;0;0;11
06.519;Ananas, hermetisk, med sukkerlake;82;295;0;0;16.5;0.8;0.5;1;0;0.1;13
06.520;Appelsin, rÜ;88;156;0.1;0;7.2;1.8;0.9;2;0;0.3;51
06.521;Aprikos, rÜ;87;154;0.1;0;7.2;1.6;0.9;34;0;4;6
06.522;Aprikos, hermetisk, med sukkerlake;80;294;0.1;0;16.1;1.2;0.4;13;0;0.9;5
06.523;Aprikos, tõrket;15;1018;0.7;0;43.4;21.6;4.8;53;0;6.2;1
06.524;Avocado, rÜ;73;804;19.5;0;0.5;5.2;1.9;1;0;3.2;6
06.525;Banan, rÜ;76;350;0.3;0;18.1;1.6;1.1;2;0;0.2;10
06.526;Klementin, rÜ;88;181;0.1;0;8.7;1.7;0.9;6;0;0.2;54
06.527;Daddel, tõrket;12;1273;0.2;0;68;7.8;2.8;3;0;0.3;0
06.528;Drue, uspesifisert, rÜ;83;263;0.2;0;13.8;1.1;0.7;2;0;0.3;2
06.529;Eple, norsk, rÜ;86;199;0.1;0;10;2.5;0.3;1;0;0.4;10
06.530;Eple, hermetisk;82;291;0.5;0;15;1.8;0.2;3;0;0.1;0
06.531;Eple, tõrket;31;1075;0.3;0;57.2;9.5;0.9;1;0;0.2;4
06.532;Fersken, rÜ;89;167;0.1;0;7.6;2.1;1;4;0;1.8;31
06.533;Fersken, hermetisk, med egen saft;87;182;0;0;9.7;0.9;0.6;6;0;0.4;6
06.534;Fersken, hermetisk, med sukkerlake;81;254;0;0;14;0.9;0.5;6;0;0.4;5
06.535;Fiken, tõrket;17;1136;1.6;0;53.9;12.4;3.6;7;0;0.3;1
06.536;Fruktcocktail, hermetisk, med egen saft;87;137;0;0;7.2;1;0.4;5;0;0.4;14
06.537;Fruktcocktail, hermetisk, med sukkerlake;82;266;0;0;14.8;1;0.4;5;0;0.4;4
06.538;Grapefrukt, rÜ;89;137;0;0;6.8;1.4;0.6;1;0;0.2;36
06.539;Kiwi, rÜ;84;239;0.5;0;10.6;2.7;1.1;3;0;0.2;59
06.540;Kompott, av frukt og bër;65;422;0.2;0;23.8;0.8;0.2;26;0;0.1;2
06.542;Mango, rÜ;82;274;0.2;0;14.1;1.9;0.7;148;0;1;37
06.543;Melon, vann, rÜ;90;151;0.1;0;7.6;0.5;0.8;19;0;0.1;8
06.544;Plomme, rÜ;85;186;0.1;0;9.3;2;0.5;4;0;0.4;7
06.545;Plomme, hermetisk, med sukkerlake;81;277;0;0;15.5;1;0.3;2;0;0.2;1
06.546;Përe, norsk, rÜ;84;183;0.1;0;8;4.5;0.4;2;0;0.4;8
06.548;Përe, hermetisk, med sukkerlake;83;240;0;0;13.2;1.5;0.2;0;0;0;2
06.549;Rosiner;13;1218;0.4;0;65.8;6.1;2.1;1;0;0.2;1
06.550;Sitron, rÜ;90;78;0.3;0;2.2;2;0.8;1;0;0.2;53
06.552;Svisker;22;803;0.5;0;36.5;14.5;2.8;12;0;2.3;0
06.553;Hasselnõtter;5;2762;63.5;0;6;8.9;14.1;0;0;24.2;0
06.554;Kokosmasse, usõtet;2;2753;65.7;0;6.4;13;6.4;0;0;0.7;0
06.555;Mandler, skÜldet;4;2598;55.8;0;6.9;7.2;21.1;0;0;23.8;0
06.556;Oliven, grõnne, pickles;78;531;12.7;0;0.3;4;1.4;23;0;0.1;0
06.557;Peanõtter;6;2415;46.1;0;12.5;7.3;25.8;0;0;9.2;0
06.558;Peanõtter, salte;2;2575;53;0;7.7;7.7;24.8;0;0;3.5;0
06.559;Peanõttsmõr;1;2641;53.7;0;12.6;6.8;22.7;0;0;4.7;0
06.560;Valnõtter;3;2888;68.5;0;3.3;5.9;14.7;0;0;1.4;0
06.565;Marmelade, 25 % appelsin, 65 % sukker;43;880;0;0;51.4;0.4;0.2;0;0;0.1;8
06.566;Saft, 500 g sukker pr. l rÜsaft, ublandet;54;710;0.8;0;38;2.6;0.8;3;0;0.9;24
06.567;Saft,1000 g sukker pr. l rÜsaft, ublandet;40;959;0.6;0;53.6;1.9;0.6;2;0;0.7;18
06.568;Appelsinjuice;88;183;0.2;0;9.6;0.1;0.7;1;0;0.2;31
06.569;Appelsinsaft, ublandet;56;719;0;0;41.8;0;0.5;1;0;0.1;19
06.571;Eplejuice, most;88;181;0.1;0;10.2;0.3;0.1;0;0;0;1
06.574;Solbërsirup, ublandet;45;861;0.6;0;47.6;2.2;0.7;6;0;1.2;45
06.581;Pasionsfrukt, rÜ;75;184;0.4;0;5.8;3.3;2.6;30;0;1.8;23
06.582;Cashewnõtter, uten salt;4;2440;48.2;0;18.1;6;17.7;1;0;0.3;0
06.583;Saft, 500 g sukker pr. l rÜsaft, drikkeferdig;88;177;0.2;0;9.5;0.6;0.2;1;0;0.2;12
06.584;Saft, 1000 g sukker pr. l rÜsaft, drikkeferdig;88;191;0.1;0;10.7;0.4;0.1;0;0;0.1;7
06.585;Appelsinsaft, drikkeferdig;91;145;0;0;8.4;0;0.1;0;0;0;3
06.586;Eplenektar;89;179;0.1;0;10.2;0;0.1;0;0;0;7
06.587;Solbërsirup, drikkeferdig;89;170;0.1;0;9.5;0.4;0.1;1;0;0.2;18
06.588;Jordbër, 100 g sukker pr. kg bër, fryst;80;287;0.2;0;15.1;1.8;0.5;1;0;0.7;63
06.589;Husholdningssaft, ublandet, kjõpt;46;893;0.2;0;51.8;0;0.3;1;0;0.2;3
06.590;Husholdningssaft, drikkeferdig;89;179;0;0;10.4;0;0.1;0;0;0.1;1
06.591;Syltetõy 45 % bër, 25 % sukker;59;495;0.2;0;27.7;1.4;0.3;1;0;0.4;14
06.592;Paranõtter;3;2882;68.2;0;3.1;8.1;14.2;0;0;5.7;0
06.593;Pekannõtter;4;2921;70.1;0;5.8;9;9.2;4;0;1.4;0
06.594;Pistasjnõtter, saltet;2;2542;55.4;0;8.2;6.1;17.9;11;0;1.4;0
06.595;Cherimoya, rÜ;74;255;0.4;0;11.7;2.4;1.3;1;0;0.1;9
06.596;Granateple, rÜ;80;242;0.2;0;7.8;10;1.3;3;0;0.9;13
06.597;Guava, rÜ;85;160;0.6;0;5;4.9;0.8;40;0;0.9;230
06.598;Hyllebër, rÜ;80;212;0.5;0;7.4;7;0.7;5;0;1;36
06.599;Kaktusfiken, rÜ;85;208;0.3;0;9.7;2.5;0.7;3;0;0;22
06.600;Melon, kantaloupe, rÜ;92;93;0.1;0;4.2;0.9;0.6;83;0;0.1;26
06.601;Kumquat, rÜ;83;197;0.5;0;7.5;4.4;0.9;9;0;0.1;39
06.603;Lime, rÜ;90;41;0.3;0;0.8;0.5;0.7;1;0;0.2;46
06.604;Litchi, rÜ;81;274;0.1;0;14.3;1.5;0.9;0;0;0;45
06.605;Nektarin, rÜ;89;198;0.1;0;9;2.2;1.4;4;0;1.8;37
06.606;Papaya, rÜ;89;179;0.1;0;8.8;2.1;0.5;11;0;1.1;60
06.607;Paradisepler, rÜ;79;133;0.3;0;5.8;2;0.4;2;0;0.6;8
06.608;Përe, hermetisk, med egen saft;87;162;0;0;8.5;1.5;0.3;0;0;0;3
06.610;Melon, honning, rÜ;92;116;0.1;0;5.6;0.9;0.6;1;0;0;9
06.611;Oliven, sorte, i olje, hermetisk;44;1432;36;0;1.8;4;2.2;3;0;0.1;0
06.613;Solbërsaft, 500 g sukker pr. l rÜsaft, drikkeferdig;88;180;0.2;0;9.6;0.7;0.2;1;0;0.3;27
06.701;Kokosmelk;73;860;21.3;0;1.5;1.5;2;0;0;0;1
06.702;Sesampostei/-pasta, vegetarpÜlegg;3;2573;58.9;0;0.9;8;18.5;1;0;0.2;0
06.703;Soyapõlse, hermetisk;66;835;15;0;3.5;2;12;0;0;0.3;0
06.704;Soyabõnneost, Tofu;85;364;4.6;0;2.4;2.5;7.8;0;0;1;0
06.705;Bõnnekarbonader, stekt i soyaolje;56;842;12.5;76;13.7;3.5;7;51;0.3;2;2
06.706;Grõnnsaksrõre, med tomat, Ratatouille;88;234;2.9;0;5.4;1.8;1.2;33;0;1.2;34
06.707;Grõnnsakgryte, med potet;84;185;0.1;0;8.7;1.6;1.2;63;0;0.2;10
06.708;Bõnnegryte, vegetarisk;76;289;0.4;0;9.9;3.5;4.6;8;0;0.4;4
06.711;Soyaburger, stekt i vegetabilsk olje;57;841;11;32;12.6;4.7;10.7;28;0;2.5;5
06.712;Salat, gresk, med fetaost, oliven;86;289;4.8;12;2.5;1.4;3.4;65;0.1;0.5;26
06.713;Vegetabilsk postei, Tartex;61;987;18;0;11.9;0;7;0;0;0.2;0
06.716;Paprika, grõnn, kokt;93;83;0.2;0;2.7;2;0.8;18;0;0.8;75
06.717;Paprika, rõd, kokt;91;121;0.2;0;4.7;1.9;1.1;50;0;3.2;130
06.718;Gulrot, kokt;89;151;0.1;0;6.7;2.7;0.7;510;0;0.6;3
06.719;BlomkÜl, kokt;92;97;0.2;0;2.3;2.3;1.9;1;0;0.3;38
06.720;HodekÜl, kokt;90;137;0.1;0;5.2;2.6;1.4;5;0;0.2;35
06.721;KÜlrot, kokt;89;146;0;0;6.4;2.7;0.9;2;0;0.1;23
06.722;Lõk, kokt;88;132;0;0;5.7;2;1.1;1;0;0.2;4
06.723;Purre, kokt;87;118;0.2;0;3.6;2.8;1.6;30;0;0.8;10
06.724;Tomat, kokt;94;74;0.2;0;2.5;1.5;0.7;43;0;0.7;11
06.725;Brokkoli, kokt;89;125;0.3;0;2.1;3;3.2;53;0;0.6;47
06.727;Persillerot, kokt;84;195;0.3;0;7.3;3.8;1.7;2;0;1.1;34
06.728;Druejuice;85;198;0.1;0;11.1;0;0.3;0;0;0;0
06.729;Sitronsaft, flaske;90;39;0.1;0;1.6;0.1;0.4;1;0;0;11
06.730;Solbërsaft, 500g sukker pr. l rÜsaft, ublandet;52;713;0.7;0;38.3;2.6;0.9;5;0;1.4;53
06.731;Solbërsaft, 1000 g sukker pr. l rÜsaft, drikkeferdig;88;191;0.1;0;10.7;0.4;0.1;1;0;0.2;16
06.732;Solbërsaft, 1000g sukker pr. l rÜsaft, ublandet;39;961;0.5;0;53.8;2;0.7;4;0;1;40
06.734;Pizza, med tomatsaus og ost;58;718;5.2;7;22.9;2;7.1;31;0;0.9;5
06.735;Bõnner, brune, kokt;57;520;0.6;0;17.4;6.6;8.8;1;0;0.1;0
06.736;Mais, hermetisk;77;378;1;0;16.5;2;2.6;2;0;0.2;1
06.737;Soyaprotein, teksturert;5;1326;5.4;0;17.6;11.6;43.2;0;0;1.5;1
06.738;Pommes frites, gatekjõkken;34;1380;16.8;0;39.8;3.8;3;0;0;2;5
06.739;Potet, tidligpotet, med skall, rÜ, Kypros;83;254;0.1;0;12.2;1.7;1.7;0;0;0;24
06.740;Brokkoli, med stilk, fryst;91;113;0.3;0;1.9;2.7;2.8;30;0;1.3;68
06.741;Bõnner grõnne, fryst;89;115;0.2;0;3;3.5;1.7;9;0;0.1;11
06.742;Gulrot, knaskegulrot, norsk, rÜ;92;104;0.1;0;4.2;2.1;0.7;492;0;0.3;2
06.743;Gulrot, terninger, fryst;91;112;0.2;0;4.1;2.4;0.9;717;0;0.9;4
06.744;Gulrot, babygulrot, fryst;91;107;0.2;0;4;2.3;0.8;717;0;0.8;4
06.745;Mais, fryst;69;488;1.7;0;20.8;2.1;3.2;5;0;0.1;9
06.746;BlomkÜl, buketter, norsk, fryst;94;92;0.2;0;2.2;1.8;1.9;4;0;0.1;42
06.747;Brokkoli, med stilk, importert, rÜ;90;124;0.3;0;2.1;2.9;3.2;30;0;0.5;65
06.748;Brokkoli, med stilk, uspesifisert, rÜ;90;122;0.3;0;2;2.8;3.2;30;0;0.5;67
06.749;Gulrot, baby, importert, rÜ;91;117;0.1;0;5;2.3;0.6;650;0;0.3;3
06.750;Gulrot, importert, rÜ;90;120;0.2;0;4.6;2.4;0.9;329;0;0.3;2
06.751;Gulrot, uspesifisert, rÜ;89;151;0.2;0;6.5;2.7;0.7;427;0;0.6;4
06.752;Tomat cherry, importert, rÜ;93;71;0.2;0;2.5;1.3;0.6;51;0;1.1;26
06.753;Tomat , importert, rÜ;94;53;0.2;0;1.2;1.2;0.9;61;0;0.8;17
06.754;Tomat, uspesifisert, rÜ;94;60;0.2;0;1.7;1.3;0.8;64;0;0.7;17
06.755;Drue, blÜ, rÜ;84;227;0.2;0;11.7;1.1;0.7;3;0;0.3;2
06.756;Drue, grõnn, rÜ;82;300;0.2;0;16;1.1;0.7;2;0;0.3;2
06.757;Eple, importert, rÜ;86;209;0.2;0;10.6;2;0.3;2;0;0.2;3
06.758;Eple, uspesifisert, rÜ;86;210;0.2;0;10.6;2.1;0.3;2;0;0.2;4
06.759;Përe, importert, rÜ;85;185;0.1;0;8.9;2.9;0.4;2;0;0.2;3
06.760;Përe, uspesifisert, rÜ;85;184;0.1;0;8.8;3;0.4;2;0;0.2;4
08.001;Kokosfett;0;3700;100;0;0;0;0;0;0;0;0
08.005;Smõr;16;3068;82;219;1;0;1;1134;10;1.7;0
08.006;Maisolje;0;3666;99;0;0;0;0.2;0;0;23.7;0
08.007;Soyaolje;0;3666;99;0;0;0;0.2;0;0;16.2;0
08.008;Tran, Mõllers;0;3700;100;500;0;0;0;5400;216;216;0
08.009;Majones, ekte;16;3023;80;91;2.5;0;1.2;43;0.3;8.2;0
08.010;Majones, lett, 50 % fett;44;1937;49.2;51;6.1;0.1;0.7;23;0.2;5;0
08.011;Majones, lett, 40 % fett;50;1654;41.2;51;6.9;0.1;0.7;23;0.2;4.2;0
08.012;Potetsalat, med ekte majones;53;1309;29.6;34;10.5;1;1.6;16;0.1;3.1;8
08.013;Remulade;27;2545;66.1;86;4.7;0.1;1.1;41;0.3;6.8;0
08.014;Majonessalat, ekte majones, 45 % fett;46;1752;44.1;67;2.6;0.6;4.2;49;0.4;5.2;3
08.015;Majonessalat, lett majones, 20 % fett;69;918;21.5;26;5.8;1.1;0.9;101;0.1;2.5;11
08.016;Dressing, majonestype, 40 % fett;46;1676;40;38;10.5;0;1;24;0.1;2.5;0
08.017;Salatdressing, uten fett;81;260;0.1;0;15;0;0.1;1;0;0.2;0
08.019;Olivenolje, vanlig;0;3666;99;0;0;0;0.2;0;0;15.4;0
08.021;Potetsalat, med lettmajones (40% fett);66;776;14.4;18;12.3;1.1;1.5;8;0;1.6;8
08.022;Majones, ekstra lett, 25 % fett;67;1077;26.5;40;4.9;0.1;0.7;19;0.1;2.8;0
08.030;Tran, Mõllers Dobbel, kapsler;0;2833;66;330;0;0;23;13375;275;550;0
08.031;Tran, Nycomed;0;3700;100;500;0;0;0;5400;216;220;0
08.102;Bremykt;16;3068;82;142;1;0;1;900;10;8;0
08.103;Brelett;50;1633;40;32;2;0;7;900;10;3;0
08.104;Hvetekimolje;0;3700;99.9;0;0;0;0.2;0;0;137;0
08.105;Sesamolje;0;3692;99.7;0;0;0;0.2;0;0;1.4;0
08.106;Solsikkeolje;0;3629;98;0;0;0;0.2;0;0;59;0
08.111;Frityrolje;0;3663;98.9;0;0;0;0.2;0;0;33.4;0
08.112;Olivenolje, Extra Virgin, Jomfruolje;0;3656;98.8;0;0;0;0;0;0;17.9;0
08.113;Rapsolje, kaldpresset, Odelia;0;3700;100;0;0;0;0;0;0;18;0
08.114;Vita HjertegoÔ olje;0;3700;100;0;0;0;0;0;8;30;0
08.117;Margarin, Vita HjertegoÔ, flytende;13;3155;85;0;0.4;0;0.2;929;8;28;0
08.118;Margarin, Vita Pro aktiv;63;1311;35;0;0.4;0.7;0.2;929;8;5;0
08.119;Brelett Oliven;50;1633;40;70;2;0;7;900;10;3;0
08.121;Majonessalat, med ostemasse, Frokostsalat;45;1840;45.9;58;2.1;0.1;6.2;48;0.2;4.6;0
08.122;Majonessalat, lett majones, 30 % fett;62;1057;24.1;63;4.7;0.5;4.8;37;0.7;3.6;2
08.123;Majonessalat, ekte majones, 35 % fett;51;1499;36.2;48;5.6;0.8;3.4;36;0.2;4.1;4
08.124;Sennepssaus;36;1845;40.2;0;18;0.9;2.6;11;0;4.7;4
08.125;Dressing, majonestype, 15 % fett;68;867;17;13;11.5;0;2.5;6;0;1.9;0
08.126;Dressing, majonestype, 30 % fett;48;1490;31.5;30;18.1;0;1;7;0.1;0.1;0
08.127;Dressing, majonestype, 55 % fett;36;2136;54;51;4.2;0;3.9;24;0.1;3.7;0
08.201;Salatdressing, olje og eddik, Fransk dressing;47;1709;46.1;0;0;0;0.2;0;0;4.7;0
08.202;Waldorfsalat;65;997;23;33;5.7;2.1;1.9;89;0.1;1.8;8
08.203;Potetsalat, med lettrõmme;77;415;5.3;15;10.4;1.2;1.9;74;0;0.2;8
08.204;Potetsalat, med seterrõmme;73;551;9.2;27;10;1.2;1.8;125;0;0.3;8
08.212;Margarin, Melange;17;2969;80;0;0.3;0;0.2;900;10;9;0
08.213;Margarin, Melange, flytende;18;2972;80;0;0.4;0;0.3;900;10;9;0
08.214;Margarin, Soft Oliven;58;1496;40;0;0.5;0.5;0.2;900;8;5;0
08.221;Margarin, Soft Flora, original;28;2599;70;0;0.3;0;0.2;900;10;8;0
08.222;Margarin, Soft Flora, folie;17;2969;80;0;0.3;0;0.2;900;10;9;0
08.223;Margarin, Soft Flora lett;57;1496;40;0;0.5;0.5;0.2;900;10;5;0
08.228;Margarin, Vita HjertegoÔ;28;2599;70;0;0.3;0;0.2;929;8;21;0
08.229;Margarin, Vita HjertegoÔ lett;58;1496;40;0;0.4;0.7;0.2;929;8;12;0
08.230;Matfett, Flott;0;3700;100;0;0;0;0;0;0;12;0
08.232;Bremykt, flytende;17;3019;81;40;1;0;0.3;900;10;15;0
08.234;Peanõttolje;0;3666;99;0;0;0;0.2;0;0;15.2;0
08.235;Rapsolje;0;3666;99;0;0;0;0.2;0;0;28.3;0
08.236;Palmeolje;0;3700;100;0;0;0;0;0;0;33.1;0
08.237;Smõr, usaltet;16;3105;83;223;1;0;1;1134;10;1.7;0
08.238;Margarin uspesifisert, hard;17;2969;80;0;0.3;0;0.2;900;10;7;0
08.239;Margarin uspesifisert, myk;28;2599;70;0;0.3;0;0.2;900;10;8;0
08.240;Matlagingsfett uspesifisert;14;3115;83.9;22;0.3;0;0.3;606;7;11.9;0
09.001;Sukker, brunt;3;1598;0;0;94;0;0;0;0;0;0
09.002;Sukker, farin, raffinade, melis;0;1700;0;0;100;0;0;0;0;0;0
09.003;Honning;19;1346;0;0;78.9;0;0.3;0;0;0;1
09.008;MelkepÜlegg, sukret, type HapÜ;30;1302;6;1;58;0;5.5;0;0;1.2;0
09.009;NõttepÜlegg, type Nugatti;1;2165;25.5;5;65.2;2.4;5.5;0;0;5.4;0
09.010;SjokoladepÜlegg, type Sjokade;12;1680;18.1;1;57.8;1.3;1;0;0;1.2;0
09.011;Kakaopulver;5;1572;21.9;0;11;24;22.5;3;0;0.2;0
09.012;Sjokoladepulver, uten melk;3;1640;2.5;0;83.3;6.8;4.5;0;0;0.1;0
09.013;Karamell;8;1569;22;17;42.9;0;1.5;39;0.1;0.3;0
09.015;Sirup;21;1261;0;0;74.1;0;0.1;0;0;0;0
09.016;Marsipan, 50 % mandler;4;2120;27.5;0;52.7;3.5;10.5;0;0;11.7;0
09.017;Melkesjokolade;1;2256;32.3;21;53.1;2.6;8.1;26;0;0.6;0
09.018;Sjokolade, med nõtter;1;1967;24.3;16;51.9;3.8;9.1;16;0;3.6;0
09.019;Kokesjokolade, mõrk;1;2134;27.6;7;56.8;5.2;6.2;7;0;0.6;0
09.021;Pastiller;9;1091;1.6;0;60;0;0.7;0;0;0;0
09.022;Sukkertõy, drops;3;1377;0;0;78;0;3;0;0;0;0
09.023;Sukkertõy, drops, fylt;2;1367;5.2;0;68.6;0;0.5;0;0;0;0
09.030;Lakris, sõt;14;1403;0.5;0;76.8;1.1;4.1;0;0;0;0
09.101;Marsipanbrõd, med sjokoladetrekk;11;2050;27.8;0;44.2;5.5;13.3;0;0;9.2;0
09.102;Sjokolade, med kjeks;1;2298;31.1;19;58;2.7;8.2;35;0;0.5;0
09.103;Sjokolade, fylt, konfekt;6;2037;24.3;7;60.2;3.2;5.2;8;0;2.1;0
09.104;Kokesjokolade, lys;1;2201;29.5;14;56.7;3.3;7;27;0;0.6;0
09.105;Sjokolade, smÜsjokolader, lõsvekt/pose;6;1918;22.4;13;56.7;1.9;6.5;11;0;0.6;0
09.106;SmÜgodt, blandet, uten sjokolade;14;1569;0;0;88.5;0;3.8;0;0;0;0
09.107;SmÜgodt, salte;20;1218;0;0;62.9;0.5;8.5;0;0;0;0
09.108;Vaniljesukker;8;1549;0;0;91.1;0;0;0;0;0;0
09.109;Sjokoladepulver, Rett i koppen;4;1582;5.1;0;67.5;7.1;11.1;0;0;0;0
09.110;Sorbet;54;763;0;0;43.5;0.2;1.3;1;0;0.1;19
09.111;Kokosbolle;23;1576;14.8;3;55.2;1.7;4.5;6;0;0.2;0
09.113;Lakriskonfekt;8;1637;5.2;0;78.8;1.2;5.6;0;0;0;0
09.114;Saftis;81;313;0.1;0;18.1;0;0.1;0;0;0.1;1
09.116;Sjokolade, melkesjokolade, porõs;1;2177;30.3;18;51.8;2.6;9.1;19;0;0.5;0
09.117;Sjokolade, med gelÇ og marsipan, type Troika;11;1866;17.8;2;65.6;3.7;3.7;0;0;1.9;0
09.124;Pastiller, uten sukker;12;193;0.1;0;0;22;0.8;0;0;0;0
09.125;Karamell, med sjokoladetrekk;6;1796;21.7;23;53.4;0;5;35;0;2;0
09.127;Skumgodter, Marshmallows;17;1119;0;0;61.9;0;3.9;0;0;0;0
09.128;GelÇfrukter, type Seigmenn;19;1243;0;0;65.5;0;7.6;0;0;0;0
09.129;Tyggegummi, med sukker;3;1384;0;0;81;0;0.4;0;0;0;0
10.001;Fruktsaus, av pulver, tilberedt;85;221;0;0;13;0;0;0;0;0;0
10.002;Fromasj, av pulver, tilberedt;64;783;10;0;20;0;4.3;0;0;0;0
10.003;Fruktsuppe, av pulver, tilberedt;85;241;0;0;14;0;0.2;0;0;0;0
10.004;GelÇ, av pulver, tilberedt;80;330;0;0;18;0;1.4;0;0;0;0
10.005;Nypesuppe, av pulver, tilberedt;86;226;0.1;0;13;0;0.1;0;0;0;70
10.006;Sjokoladepudding, av pulver, tilberedt;75;349;1.4;0;14.3;0;3.2;39;0;0;0
10.007;Vaniljesaus, av pulver, tilberedt;82;324;1.4;0;12.9;0;3.1;84;0;0;0
10.008;Grytebasis, orientalsk, uten kjõtt;85;224;1;0;8.5;1;2;0;0;0;5
10.009;Grytebasis, med ris, meksikansk, uten kjõtt;79;351;1;0;16;1;2;0;0;0;5
10.010;Grytebasis, med pasta, italiensk, uten kjõtt;80;292;1;0;12;1;2.5;0;0;0;5
10.011;Ertesuppe, av pulver;85;248;1;0;8;1.9;3.5;0;0;0;0
10.012;BlomkÜlsuppe, av pulver;93;145;1;0;4.5;0.8;1.5;0;0;0;5
10.013;Tomatsuppe, av pulver;91;141;0.5;0;6;0.4;1;0;0;0;5
10.014;Tomatsuppe, med makaroni, av pulver;90;163;0.5;0;7;1;1;0;0;0;5
10.015;Bernaisesaus, av pulver;68;930;21;0;6.5;0;2.5;0;0;0;0
10.016;Brun saus, av blokk;89;240;3.5;0;5.5;0;1;0;0;0;0
10.017;Brun saus, kjõttkakesaus, av pulver;91;148;1;0;5.5;0;1;0;0;0;0
10.018;Hvit saus, av pulver;85;297;2.5;0;8;0;4;0;0;0;0
10.019;Sjysaus, av pulver;95;78;0.5;0;2.5;0;1;0;0;0;0
10.020;Ertestuing, av pulver;65;548;1.5;0;20;1;8.5;0;0;0;0
10.021;Sjokoladedrikk, Rett i koppen;83;302;1;0;13;1.2;2;0;0;0;0
10.023;Fiskesuppe, type Bergensk, av pulver;92;181;1;0;5.5;1;2.5;0;0;0;1
10.024;Betasuppe, av pulver, tilberedt;88;188;0.5;0;7.5;2;1.5;0;0;0;0
10.025;Brun saus, med lõk, av pulver;90;166;1.5;0;5.5;0;1;0;0;0;0
10.026;Viltsaus, av pulver;86;263;2.5;0;7;0;3;0;0;0;0
10.028;Grytebasis, Jegergryte, uten kjõtt;88;268;1.5;0;9;1;3;0;0;0;0
10.029;Grytebasis, Stroganoff, uten kjõtt;85;276;1.5;0;9.5;1;3;0;0;0;5
10.031;Tomatsuppe, krutonger, Rett i koppen;89;198;1;0;8;1;1;0;0;0;5
10.032;BlomkÜl/brokkolisuppe, Rett i koppen;90;174;1.5;0;5.5;1;1;0;0;0;0
10.033;Grytebasis, Pasta di Napoli, uten kjõtt;70;502;3;0;19;1;3.5;0;0;0;5
10.034;Pizzafyllbasis, uten kjõtt;82;275;1;0;12;1;1.5;0;0;0;5
10.100;Buljongpulver;5;609;4.5;0;9;0;17;0;0;0;0
10.109;Grytebasis, med ris, pulver;6;1566;4.5;0;71;4.9;9;0;0;0;0
10.110;Grytebasis, med spagetti, pulver;6;1440;4;0;64;0;12;0;0;0;0
10.113;Tomatsuppe, pulver;5;1573;8.5;0;63;0;11;0;0;0;0
10.123;Fiskesuppe, Bergensk, pulver;6;1513;8.5;0;52;1;18;0;0;0;0
10.124;Potetmospulver, med melk;7;1457;1.5;2;70.7;6.9;8.5;0;0;0.3;60
10.125;Dip saus, sursõt Barbeque saus;68;408;0.4;0;22.6;0;0.5;0;0;0.2;0
11.001;Morsmelk;87;296;4.1;16;7.2;0;1.3;60;0;0.3;4
12.004;Kjõttbuljong, tilberedt;98;12;0.1;0;0.1;0;0.4;0;0;0;0
12.007;Gjër, pressgjër;70;277;0.4;0;1.1;6.2;11.4;0;0;0;0
12.008;Sennep;63;662;6.4;0;18.5;1.7;5.7;0;0;1.8;0
12.010;Karamellsaus;30;1190;0;0;70;0;0;0;0;0;0
12.011;Sjokoladesaus, kjõpt;28;1138;1.2;0;62;0;2.3;0;0;0;0
12.012;Popcorn, poppet, kjõpt;5;1726;15;0;51.7;11;12;8;0;0;0
12.013;Popcorn, poppet, uten fett;4;1548;4.2;0;62.8;15.1;12;10;0;0.1;0
12.014;Saltstenger;4;1743;8.4;0;71;4.3;11.2;0;0;0.3;0
12.015;Baconcrisp;2;2520;46;0;0.2;0;47.9;0;0;0;0
12.016;Ostepop;2;2113;30;0;44;11;9.8;17;0;0;0
12.017;Tortillachips, maischips;7;2035;25.2;0;56;5.2;6.4;0;0;2.1;0
12.018;Bakepulver;6;666;0;0;34;0;5.2;0;0;0;0
12.022;Salt, bordsalt;1;0;0;0;0;0;0;0;0;0;0
12.023;Mineralsalt;0;0;0;0;0;0;0;0;0;0;0
12.024;Urtesalt;10;197;1.7;0;0.3;0;7.6;0;0;0;0
12.025;Salt, bordsalt, jodert;1;0;0;0;0;0;0;0;0;0;0
12.026;Havsalt;4;0;0;0;0;0;0;0;0;0;0
12.027;Eddik 7%;93;0;0;0;0;0;0;0;0;0;0
12.028;Popcorn, poppet i mikrobõlgeovn;2;1967;22.3;0;50.7;15;9.4;0;0;2.8;0
12.029;Popcorn, poppet i soyaolje;4;1783;14.7;0;55.9;13.4;10.7;9;0;1.2;0
12.030;Potetchips, stekt i peanõttolje;3;2126;29;0;53.8;4.5;6;0;0;2.8;21
12.109;Gjër, tõrrgjër;5;885;1.7;0;3.5;19.7;35.6;0;0;0;0
13.003;Brus, med sitronsmak, med sukker;90;170;0;0;10;0;0;0;0;0;0
13.004;Brus, med sitronsmak, kunstig sõtet, lett;100;0;0;0;0;0;0;0;0;0;0
13.005;Vann, med kullsyre;100;0;0;0;0;0;0;0;0;0;0
13.007;Vin, alkoholfri;95;71;0;0;4;0;0.2;0;0;0;0
13.009;Kaffe, traktet, kokt;99;2;0;0;0;0;0.1;0;0;0;0
13.010;Te, svart;100;2;0;0;0;0;0.1;0;0;0;0
13.011;Brennevin, 60 vol-% alkohol;47;1528;0;0;0;0;0;0;0;0;0
13.012;Brennevin, 40 vol-% alkohol;65;1013;0;0;2.1;0;0;0;0;0;0
13.014;Likõr, 35 vol-% alkohol;43;1309;0;0;27.5;0;0;0;0;0;0
13.015;Hetvin, sõt, 17 vol-% alkohol;75;578;0;0;9.8;0;0.3;0;0;0;0
13.017;Vin, rõdvin, 12 vol-% alkohol;88;309;0;0;0.7;0;0.1;0;0;0;0
13.018;Hetvin, tõrr, 15 vol-% alkohol;82;401;0;0;3;0;0.1;0;0;0;0
13.022;Lettõl, lett, 2,5 vol-% alkohol;94;104;0;0;2.5;0;0.2;0;0;0;0
13.023;Gullõl, 5,7 vol-% alkohol;90;246;0;0;6.1;0;0.5;0;0;0;0
13.024;Pils, 4,7 vol % alkohol;91;171;0;0;3.2;0;0.4;0;0;0;0
13.025;Võrterõl;89;162;0;0;9.1;0;0.4;0;0;0;0
13.026;ùl, alkoholfritt;94;103;0;0;5;0;0.4;0;0;0;0
13.030;Vin, alkoholsvak;93;150;0;0;6.1;0;0;0;0;0;0
13.031;Vin, hvitvin, halvtõrr, 10 vol-% alkohol;88;299;0;0;0.6;0;0.1;0;0;0;0
13.032;Vin, hvitvin, tõrr, 12 vol-% alkohol;89;282;0;0;0.3;0;0.1;0;0;0;0
13.033;Vann, drikkevann, kranvann;100;0;0;0;0;0;0;0;0;0;0
13.034;Kaffe, pulver, tilberedt;99;2;0;0;0;0;0.1;0;0;0;0
13.036;Leskedrikk, kunstig sõtet, drikkeferdig;100;5;0;0;0.3;0;0;0;0;0;1
01.036;Kesam 1 % fett;82;314;1;3;4.3;0;12;11;0;0;0
01.213;Melk syrnet, uspesifisert med smak, Biola;85;255;0.1;0;11.8;0;3;3;0;0;1
01.214;Melk syrnet, bringebër el. jordbërsmak, Biola;85;267;0.1;0;12.5;0;3;3;0;0;1
01.215;Lettmelk, 1,5 % fett, laktosefri;99;195;1.5;4;4.8;0;3.4;14;0.4;0;0
01.216;Sjokolademelk, lettere, 0-2 g tilsatt sukker;91;191;0.7;2;6.2;0;3.5;7;0;0;0
01.217;Ost, gulost, med vitamin D;41;1389;26;70;0.1;0;25;283;3.7;0.5;0
01.218;Ost, gulost, med vitamin D, lett;53;923;10;27;0.5;0;32;151;2.4;0.3;0
01.219;Ost, revet, pizzaost;41;1463;26.8;72;0.6;0;27.1;283;0.1;0.5;0
01.220;Prim, med jern, Sprett;31;1272;8;31;50.4;0;7;95;0;0.1;0
01.221;Yoghurt, frukt, 0.1 % fett;85;181;0.1;0;6.3;0;4.1;2;0;0;1
01.222;Yoghurt, med mÅsli og skogsbër,  Go` Morgen;69;574;3.3;13;21.6;1.2;4.4;30;0;0.1;0
01.223;Yoghurt, naturell, lettere;83;241;1.5;4;6.3;0;4.6;30;0;0.1;0
01.224;Yoghurt, naturell, matyoghurt;80;500;8.1;22;6;0;5.8;104;0;0.2;0
01.225;Krem, pisket, pÜ boks;54;1559;39;105;4.8;0;2;375;0.2;0.9;0
01.226;Kesam 8 fett %;80;483;8;21;4.8;0;6.2;104;0;0.2;0
01.228;Lettmelk, 1,0 % fett;91;175;1;3;4.6;0;3.5;15;0;0;0
01.229;Lettmelk, uspesifisert;90;180;1.2;3;4.7;0;3.3;13;0;0;0
01.230;Lettmelk, ekstra lett, med vit D,  0,5 % fett;91;156;0.5;1;4.6;0;3.5;7;0.4;0;0
01.231;Lettmelk, ekstra lett, med vit D, uspesifisert;91;160;0.7;1;4.6;0;3.3;7;0.4;0;0
01.227;Ekstra lettmelk med vit D og kakaosmak, skolemelk;91;184;0.7;3;5.9;0;3.4;7;0.4;0;0
03.331;Kylling, lÜrklubbe (underlÜr), kjõtt med skinn, rÜ;71;650;8.7;81;0;0;19.3;29;0.2;0.3;0
03.332;Kylling, lÜr (overlÜr og lÜrklubbe), kjõtt uten skinn, rÜ;73;619;8.5;80;0;0;17.9;24;1;1.8;0
03.333;Kylling, overlÜr (lÜr uten lÜrklubbe), kjõtt uten skinn,  rÜ;72;632;8.8;83;0;0;18;20;1.6;0.3;0
03.334;Kylling, lÜrklubbe (underlÜr), kjõtt uten skinn, rÜ;76;458;3.7;77;0;0;18.9;17;0.2;0.3;0
03.335;Kjõttdeig, kylling og kalkun, rÜ;71;656;9;94;0;0;19;21;0.7;0.7;0
03.342;Lam, kotelett og sadel, kjõtt uten fettrand, rÜ;71;609;6.5;51;0;0;21.7;4;0.7;0.7;0
03.343;Lam, fett fra lammekjõtt, rÜ;21;2889;76;54;0;0;4.5;24;0.4;1.4;0
03.344;Storfe, entrecìte, synlig fett skÜret vekk, rÜ;72;592;5.7;38;0;0;22.4;3;0.2;0.4;0
03.345;Storfe, fett fra storfekjõtt, rÜ;17;3011;80;69;0;0;3;25;0.6;1.3;0
03.346;Svin, skinkestek med fettrand, uten svor, rÜ;64;918;16;50;0;0;19.2;6;0.2;0.7;0
03.347;Svin, bogstek, med fettrand, rÜ;64;914;16.1;49;0;0;18.7;8;0.2;0.7;0
03.348;Svin, kjõttdeig, rÜ;71;620;7.1;44;0;0;21;4;0.2;0.8;0
03.349;Svin, 70% skinke, 30% flatbiff, strimlet, rÜ;73;515;3.8;45;0;0;22;3;0.1;0.6;0
03.350;Svin, fettrand, rÜ;15;3050;80.5;60;0;0;4.2;22;0.6;1.3;0
03.351;Reinsdyrskav, rÜ, fryst;72;606;7.5;78;0;0;19.3;8;0.3;0.8;0
03.352;Reinsdyr, kjõtt, rÜ, tõrket;37;1331;17.6;200;0;0;40;21;0.7;0.8;0
03.353;Ribberull, skiver;64;806;13.5;48;0;0;18;6;0.2;0.8;0
03.354;Roastbiff, skiver;71;488;2.4;38;0;0;23.5;1;0,03;0.4;0
03.355;Põlse, salami, dansk type;29;2058;49;85;0.5;0;13.9;6;0.3;0;0
03.356;Põlser, kylling og kalkun, med mindre fett;70;700;10.6;79;5;0;13.1;40;0;1.1;29
05.330;Nudler, med egg, tõrr;9;1646;8.2;30;65.3;3.3;12.1;18;0.3;0.4;0
05.331;Nudler av ris, tõrr;12;1490;0.6;0;82.2;1.6;3.4;0;0;0;0
05.332;Pasta, fullkorn, tõrr;11;1422;2.5;0;60.3;9.6;13.4;0;0;0.8;0
06.100;Ruccolasalat, rÜ;92;117;0.7;0;2;1.6;2.6;119;0;0.4;15
06.101;Sõtpotet, kokt u/salt, med skall;76;348;0.2;0;16.5;3.3;2;818;0;0.7;20
06.102;Tomater soltõrkede,  tõrr;15;1180;3;0;43;12.3;14.1;44;0;0;39
06.103;Tomater soltõrkede, innlagte i olje, avrent;55;799;12.5;2;8.8;12.7;5;54;0;9.1;12
06.104;Linser, grõnne og brune, tõrre;11;1298;2;0;41.6;11.2;25.1;5;0;0.3;0
06.105;Linser, grõnne og brune, kokte med salt;67;457;0.7;0;14.8;3.7;8.8;1;0;0;0
06.106;Wok grõnnsaksblanding, rÜ;89;139;0.2;0;4.7;2.6;1.8;119;0;0.5;51
06.107;Mandler;5;2386;49.2;0;6.3;12.2;21.2;0;0;26.2;0
08.241;Margarin, stekemargarin;17;2977;80;0;0.5;0;0.5;900;7.5;8;0
08.242;Margarin, bordmargarin, 80 % fett;17;2977;80;0;0.5;0;0.5;900;7.5;8;0
08.243;Margarin, bordmargarin, 60 % fett;38;2237;60;0;0.5;0;0.5;900;7.5;8;0
08.244;Margarin, Melange, uten salt og melk, folie;20;2960;80;0;0;0;0;900;8;6;0
08.245;Margarin, Soft Spesial, redusert salt;19;2960;80;0;0;0;0;929;8;25;0
08.246;Margarin, Soft ekstra, beger;28;2599;70;0;0.3;0;0.2;979;8;8;0
08.247;Smõr, meierismõr, ekstra salt, Kviteseidsmõr;16;3031;81;219;1;0;1;1134;10;1.7;0
09.131;NõttepÜlegg, type Nugatti, mindre sukker;1;1937;25.8;5;42.6;19.5;6;0;0;5.4;0
09.132;SjokoladepÜlegg, type Sjokade, mindre sukker;12;1850;18.8;1;59.6;15.1;1.2;0;0;1.2;0
09.133;Sjokolade, mõrk, 70% kakao;0;2478;46.5;3;32.5;10.9;6.9;1;0;0.6;0
09.134;Sjokolade, hvit;1;2272;30.9;20;58.3;0.2;8;19;0;1.1;0
13.037;Vann, mineralvann, kildevann, lite salt (Na), med/uten kullsyre;100;0;0;0;0;0;0;0;0;0;0
13.042;Te, grõnn, tilberedt;100;2;0;0;0;0;0.1;0;0;0;3
13.043;Brus, Tonic water;90;153;0;0;9;0;0;0;0;0;0
13.044;Brus, Bitter lemon;90;187;0;0;11;0;0;0;0;0;1
13.045;Brus, cola, med sukker;90;180;0;0;10.6;0;0;0;0;0;0
13.046;Brus, med fruktjuice, med sukker, type Solo, Mozell o.l.;88;187;0;0;11;0;0;0;0;0;1
13.047;Brus, cola, kunstig sõtet, lett;100;0;0;0;0;0;0;0;0;0;0
13.048;Brus, med fruktjuice, kunstig sõtet, lett, type Solo, Mozell o.l.;100;17;0;0;1;0;0;0;0;0;1
13.049;ùl, sterkõl, bokkõl, 6,5 vol-% alkohol;88;265;0;0;6;0;0.7;0;0;0;0
13.050;ùl, redusert energiinnhold, lavkarbo;94;134;0;0;1;0;0.4;0;0;0;0
13.051;ùl, mõrkt, type Bayer og juleõl, 4,5-4,7 vol % alkohol;91;177;0;0;4.1;0;0;0;0;0;0
13.052;Sterkvin, sõt, vermouth, 15 vol-% alkohol;72;545;0;0;13.3;0;0;0;0;0;0
13.053;Likõr, sõt, 21 vol-% alkohol;55;943;0;0;29.9;0;0;0;0;0;0
13.054;Likõr, 17 vol-% alkohol, flõtebasert;47;1322;14.6;0;22.5;0;3;180;0;0.5;0
13.055;Sterkvin, sõt, portvin, 20 vol-% alkohol;72;629;0;0;9.6;0;0.1;0;0;0;0
13.056;Vin, hvitvin, halvsõt/sõt, inkl musserende;88;299;0;0;3.4;0;0.2;0;0;0;0
13.057;Vin, dessertvin, ekstra sõt, musserende;87;316;0;0;3.7;0;0.2;0;0;0;0
13.058;Hvitvin, rosÇ, musserende, uspesifisert;81;436;0;0;6;0;0.2;0;0;0;0
13.059;Vin, rõdvin, tõrr;88;266;0;0;0.2;0;0.1;0;0;0;0
13.060;Rõdvin, uspesifisert;88;289;0;0;0.5;0;0.1;0;0;0;0
13.061;Smoothie med yoghurt, juice, banan og bër;84;252;1.2;3;9.9;1.3;1.7;11;0;0.5;18
13.062;Smoothie med juice, banan og bër;83;241;0.3;0;11.8;1.8;0.9;1;0;0.5;19
13.063;Cider, sõt, 4,5 vol% alkohol;89;249;0;0;8.5;0;0;0;0;0;0
13.064;Energidrikk med taurin, koffein og B-vitaminer;88;209;0;0;12.1;0;0.2;0;0;0;0
13.065;Energidrikk med taurin, koffein og B-vitaminer, sukkerfri;88;202;0;0;11.5;0;0.4;0;0;0;0
13.066;Soyadrikke, sõtet, tilsatt kalsium;90;264;2;0;7.7;0.6;3.2;0;0;0.3;1
13.067;Soyadrikke, usõtet;93;146;2.2;0;0.1;0.6;3.4;0;0;0.3;0
13.068;Havredrikke, med kalsium og vitaminer;91;191;1.6;0;6.5;0.8;0.9;0;0.5;0.1;0
01.233;Skyr, syrnet melkeprodukt, med smak, kunstig sõtet;83;248;0.2;0;4;0.3;10;0;0;0;1
01.234;Skyr, syrnet melkeprodukt, naturell;83;251;0.2;0;3.3;0;11;0;0;0;1
03.330;Kylling, overlÜr (lÜr uten lÜrklubbe), kjõtt med skinn, rÜ;66;882;15.9;84;0;0;17.3;42;1.4;0.3;0
05.333;Nudler, kokt, med krydder;77;422;4.3;0;11.6;3.1;2.4;0;0;0.5;0
05.334;Nudler av ris, kokt uten salt;74;437;0.2;0;23.9;1;0.9;0;0;0;0
05.335;Pasta fullkorn, kokt med salt;59;658;1;0;29;3.7;5.8;0;0;0.1;0
09.135;Kjõttkaker med ertestuing og poteter, Fjordland;79;378;3.2;0;9.2;1.8;5.2;0;0;0.2;2
09.136;Kokt laks med urtesaus, poteter og babygulrõtter, Fjordland;80;393;4.3;0;6.5;1;6.8;0;1.9;0.8;3
09.137;Svinestek med surkÜl og poteter, Fjordland;79;362;2.1;0;9.7;1.3;6.4;0;0;0.2;3
04.324;Kveite hellefisk, oppdrett, rÜ;74;429;2.4;81;0;0;20;3;2.7;0.9;0
04.325;Kveite hellefisk, uspesifisert, rÜ;73;474;4.3;66;0;0;18.5;10;6.2;1.3;0
04.326;Torsk, oppdrett, rÜ;79;359;0.5;82;0;0;20;2;0.7;0.5;0
04.327;Torsk, uspesifisert, rÜ;81;345;1;59;0;0;18.1;11;1.8;0.7;0
11.040;Morsmelkerstatning fra fõdsel - drikkeklar;88;272;3.5;0;7;0.2;1.3;62;1.2;1;10
11.041;Tilskuddsblanding fra 6 mnd - drikkeklar;88;286;3.2;0;8.3;0.3;1.4;72;1.2;1;12
11.042;Morsmelkerstatning fra fõdsel - pulver;3;2170;27.8;0;55.9;2;10.3;469;8.6;7.2;79
11.043;Tilskuddsblanding fra 6 mnd - pulver;3;2169;27.8;0;54.9;4;10.3;469;8.6;7.2;79
13.069;Espresso, enkel;98;9;0.2;0;0;0;0.1;0;0;0;0
13.039;Kaffe, Cappucino, enkel, med lettmelk;92;146;1;2;3.7;0;2.7;10;0;0;0
13.041;Kaffe, Caffe Latte, enkel, med lettmelk;91;163;1.1;3;4.2;0;3;11;0;0;0
13.038;Kaffe, Cappucino, enkel, med helmelk;90;216;2.9;8;3.7;0;2.7;28;0;0.1;0
13.040;Kaffe, Caffe Latte, enkel, med helmelk;89;239;3.2;9;4.1;0;3;31;0;0.1;0
05.336;Ris, hurtigris, 1% salt, kokt;78;370;0;0;19.6;0.4;2;0;0;0;0
05.337;Ris, Basmati, kokt;69;528;0.4;0;26.9;0.2;3.2;0;0;0;0
05.338;Ris, Jasmin,  kokt;69;524;0.2;0;27.8;0;2.6;0;0;0;0
03.357;Põlse, med ost, ostegrill, ostewiener;59;1019;19.3;49;5.1;0.9;12.4;25;0;1.1;29
03.361;Põlse, kylling og kalkun, med ost;65;836;14.1;77;4.6;1;13.4;37;0;1.6;0
03.358;Elg, stek, ovnstekt;65;604;1.8;112;0;0;31.6;2;0.5;0.9;0
09.130;Marsipan, 30 % mandler;8;1866;16.7;0;66.1;2.2;6.3;0;0;7.1;0
06.761;Syltetõy, uten tilsatt sukker, 60 % bër;72;92;0.2;0;3.6;1.9;0.5;1;0;0.8;19
06.762;Syltetõy, 40 % bër, 40 % sukker;47;744;0.2;0;42.4;1.3;0.3;1;0;0.5;13
06.763;Syltetõy, 60 % bër, 30 % sukker;57;602;0.2;0;33.6;1.9;0.5;1;0;0.8;19
01.235;Helmelk, 3,9 % fett;87;279;3.9;10;4.6;0;3.3;38;0;0.1;0
01.236;Helmelk, uspesifisert;88;268;3.6;10;4.6;0;3.3;35;0;0.1;0
11.038;Barnemat, middag, ris og kalkun/kylling, fra 12 mnd;80;360;2.8;11;10.1;1.2;4.4;67;0;0.9;4
11.039;Barnemat, middag, potet og oksekjõtt, fra 12 mnd;80;362;3.4;7;9.7;1.3;3.6;87;0;1.1;14
11.034;Barnemat, middag, pasta og oksekjõtt, fra 6 mnd;81;359;3.2;5;10.1;1.2;3.5;72;0;1;3
11.033;Barnemat, middag, potet og lam, fra 6 mnd;82;316;2.7;6;9.3;1.3;2.8;86;0;0.8;7
11.035;Barnemat, middag, pasta og skinke, fra 8 mnd;80;364;3;5;10.3;1.2;4;58;0;0.9;3
11.036;Barnemat, middag, potet og fiskeboller, fra 8 mnd;80;353;2.3;11;11.9;1.2;3.3;112;0.2;0.3;5
11.044;Barnemat, middag, pasta og oksekjõtt, fra 12 mnd;78;423;4.3;6;11;1.1;4;39;0;1.3;7
